t0,b0,t1,b1,sec
0.525,N,0.656,N,1.181
1.181,N,0.650,N,1.831
1.831,N,0.639,N,2.469
2.469,N,0.622,N,3.092
3.092,N,0.619,N,3.711
3.711,N,0.603,N,4.314
4.314,N,0.611,N,4.925
4.925,N,0.628,N,5.553
5.553,N,0.658,N,6.211
6.211,N,0.667,N,6.878
6.878,N,0.636,N,7.514
7.514,N,0.636,N,8.150
8.150,N,0.639,N,8.789
8.789,N,0.625,N,9.414
9.414,N,0.636,N,10.050
10.050,N,0.628,N,10.678
10.678,N,0.600,N,11.278
11.278,N,0.644,N,11.922
11.922,N,0.656,N,12.578
12.578,N,0.664,N,13.242
13.242,N,0.672,N,13.914
13.914,N,0.658,N,14.572
14.572,N,0.647,N,15.219
15.219,N,0.617,N,15.836
15.836,N,0.628,N,16.464
16.464,N,0.606,N,17.069
17.069,N,0.639,N,17.708
17.708,N,0.681,N,18.389
18.389,N,0.678,N,19.067
19.067,N,0.669,N,19.736
19.736,N,0.653,N,20.389
20.389,N,0.639,N,21.028
21.028,N,0.644,N,21.672
21.672,N,0.658,N,22.331
22.331,N,0.617,N,22.947
22.947,N,0.642,N,23.589
23.589,N,0.650,N,24.239
24.239,N,0.667,N,24.906
24.906,N,0.658,N,25.564
25.564,N,0.631,N,26.194
26.194,N,0.656,N,26.850
26.850,N,0.664,N,27.514
27.514,N,0.644,N,28.158
28.158,N,0.656,N,28.814
28.814,N,0.628,N,29.442
29.442,N,0.678,N,30.119
30.119,N,0.711,N,30.831
30.831,N,0.703,N,31.533
31.533,N,0.672,N,32.206
32.206,N,0.653,N,32.858
32.858,N,0.658,N,33.517
33.517,N,0.656,N,34.172
34.172,N,0.628,N,34.800
34.800,N,0.636,N,35.436
35.436,N,0.689,N,36.125
36.125,N,0.669,N,36.794
36.794,N,0.669,N,37.464
37.464,N,0.644,N,38.108
38.108,N,0.647,N,38.756
38.756,N,0.650,N,39.406
39.406,N,0.628,N,40.033
40.033,N,0.628,N,40.661
40.661,N,0.583,N,41.244
41.244,N,0.631,N,41.875
41.875,N,0.669,N,42.544
42.544,N,0.656,N,43.200
43.200,N,0.633,N,43.833
43.833,N,0.661,N,44.494
44.494,N,0.633,N,45.128
45.128,N,0.628,N,45.756
45.756,N,0.606,N,46.361
46.361,N,0.611,N,46.972
46.972,N,0.653,N,47.625
47.625,N,0.653,N,48.278
48.278,N,0.658,N,48.936
48.936,N,0.639,N,49.575
49.575,N,0.633,N,50.208
50.208,N,0.631,N,50.839
50.839,N,0.611,N,51.450
51.450,N,0.628,N,52.078
52.078,N,0.625,N,52.703
52.703,N,0.486,A,53.189
53.189,A,0.711,N,53.900
53.900,N,0.653,N,54.553
54.553,N,0.650,N,55.203
55.203,N,0.650,N,55.853
55.853,N,0.631,N,56.483
56.483,N,0.622,N,57.106
57.106,N,0.617,N,57.722
57.722,N,0.600,N,58.322
58.322,N,0.597,N,58.919
58.919,N,0.614,N,59.533
59.533,N,0.650,N,60.183
60.183,N,0.681,N,60.864
60.864,N,0.686,N,61.550
61.550,N,0.639,N,62.189
62.189,N,0.636,N,62.825
62.825,N,0.614,N,63.439
63.439,N,0.628,N,64.067
64.067,N,0.631,N,64.697
64.697,N,0.586,N,65.283
65.283,N,0.633,N,65.917
65.917,N,0.633,N,66.550
66.550,N,0.586,N,67.136
67.136,N,0.689,N,67.825
67.825,N,0.622,N,68.447
68.447,N,0.639,N,69.086
69.086,N,0.625,N,69.711
69.711,N,0.603,N,70.314
70.314,N,0.508,A,70.822
70.822,A,0.667,N,71.489
71.489,N,0.644,N,72.133
72.133,N,0.664,N,72.797
72.797,N,0.656,N,73.453
73.453,N,0.633,N,74.086
74.086,N,0.611,N,74.697
74.697,N,0.625,N,75.322
75.322,N,0.617,N,75.939
75.939,N,0.597,N,76.536
76.536,N,0.581,N,77.117
77.117,N,0.619,N,77.736
77.736,N,0.647,N,78.383
78.383,N,0.647,N,79.031
79.031,N,0.631,N,79.661
79.661,N,0.622,N,80.283
80.283,N,0.636,N,80.919
80.919,N,0.628,N,81.547
81.547,N,0.603,N,82.150
82.150,N,0.583,N,82.733
82.733,N,0.597,N,83.331
83.331,N,0.622,N,83.953
83.953,N,0.650,N,84.603
84.603,N,0.650,N,85.253
85.253,N,0.642,N,85.894
85.894,N,0.644,N,86.539
86.539,N,0.636,N,87.175
87.175,N,0.633,N,87.808
87.808,N,0.619,N,88.428
88.428,N,0.619,N,89.047
89.047,N,0.675,N,89.722
89.722,N,0.681,N,90.403
90.403,N,0.675,N,91.078
91.078,N,0.667,N,91.744
91.744,N,0.644,N,92.389
92.389,N,0.647,N,93.036
93.036,N,0.631,N,93.667
93.667,N,0.556,N,94.222
94.222,N,0.694,N,94.917
94.917,N,0.608,N,95.525
95.525,N,0.644,N,96.169
96.169,N,0.653,N,96.822
96.822,N,0.669,N,97.492
97.492,N,0.653,N,98.144
98.144,N,0.628,N,98.772
98.772,N,0.622,N,99.394
99.394,N,0.608,N,100.003
100.003,N,0.469,A,100.472
100.472,A,0.658,N,101.131
101.131,N,0.650,N,101.781
101.781,N,0.656,N,102.436
102.436,N,0.664,N,103.100
103.100,N,0.625,N,103.725
103.725,N,0.642,N,104.367
104.367,N,0.617,N,104.983
104.983,N,0.617,N,105.600
105.600,N,0.631,N,106.231
106.231,N,0.606,N,106.836
106.836,N,0.594,N,107.431
107.431,N,0.617,N,108.047
108.047,N,0.644,N,108.692
108.692,N,0.653,N,109.344
109.344,N,0.617,N,109.961
109.961,N,0.625,N,110.586
110.586,N,0.633,N,111.219
111.219,N,0.608,N,111.828
111.828,N,0.608,N,112.436
112.436,N,0.575,N,113.011
113.011,N,0.619,N,113.631
113.631,N,0.653,N,114.283
114.283,N,0.653,N,114.936
114.936,N,0.647,N,115.583
115.583,N,0.619,N,116.203
116.203,N,0.622,N,116.825
116.825,N,0.608,N,117.433
117.433,N,0.486,A,117.919
117.919,A,0.717,N,118.636
118.636,N,0.617,N,119.253
119.253,N,0.667,N,119.919
119.919,N,0.678,N,120.597
120.597,N,0.631,N,121.228
121.228,N,0.681,N,121.908
121.908,N,0.653,N,122.561
122.561,N,0.653,N,123.214
123.214,N,0.622,N,123.836
123.836,N,0.617,N,124.453
124.453,N,0.586,N,125.039
125.039,N,0.622,N,125.661
125.661,N,0.636,N,126.297
126.297,N,0.653,N,126.950
126.950,N,0.650,N,127.600
127.600,N,0.636,N,128.236
128.236,N,0.617,N,128.853
128.853,N,0.611,N,129.464
129.464,N,0.611,N,130.075
130.075,N,0.619,N,130.694
130.694,N,0.608,N,131.303
131.303,N,0.636,N,131.939
131.939,N,0.667,N,132.606
132.606,N,0.639,N,133.244
133.244,N,0.639,N,133.883
133.883,N,0.636,N,134.519
134.519,N,0.636,N,135.156
135.156,N,0.631,N,135.786
135.786,N,0.631,N,136.417
136.417,N,0.594,N,137.011
137.011,N,0.633,N,137.644
137.644,N,0.636,N,138.281
138.281,N,0.656,N,138.936
138.936,N,0.669,N,139.606
139.606,N,0.633,N,140.239
140.239,N,0.636,N,140.875
140.875,N,0.614,N,141.489
141.489,N,0.625,N,142.114
142.114,N,0.622,N,142.736
142.736,N,0.589,N,143.325
143.325,N,0.661,N,143.986
143.986,N,0.681,N,144.667
144.667,N,0.661,N,145.328
145.328,N,0.653,N,145.981
145.981,N,0.628,N,146.608
146.608,N,0.631,N,147.239
147.239,N,0.625,N,147.864
147.864,N,0.497,A,148.361
148.361,A,0.667,N,149.028
149.028,N,0.611,N,149.639
149.639,N,0.622,N,150.261
150.261,N,0.628,N,150.889
150.889,N,0.631,N,151.519
151.519,N,0.625,N,152.144
152.144,N,0.633,N,152.778
152.778,N,0.633,N,153.411
153.411,N,0.608,N,154.019
154.019,N,0.611,N,154.631
154.631,N,0.581,N,155.211
155.211,N,0.639,N,155.850
155.850,N,0.667,N,156.517
156.517,N,0.642,N,157.158
157.158,N,0.467,A,157.625
157.625,A,0.667,N,158.292
158.292,N,0.636,N,158.928
158.928,N,0.614,N,159.542
159.542,N,0.600,N,160.142
160.142,N,0.589,N,160.731
160.731,N,0.622,N,161.353
161.353,N,0.639,N,161.992
161.992,N,0.647,N,162.639
162.639,N,0.644,N,163.283
163.283,N,0.636,N,163.919
163.919,N,0.628,N,164.547
164.547,N,0.639,N,165.186
165.186,N,0.617,N,165.803
165.803,N,0.611,N,166.414
166.414,N,0.586,N,167.000
167.000,N,0.622,N,167.622
167.622,N,0.656,N,168.278
168.278,N,0.658,N,168.936
168.936,N,0.661,N,169.597
169.597,N,0.653,N,170.250
170.250,N,0.625,N,170.875
170.875,N,0.622,N,171.497
171.497,N,0.619,N,172.117
172.117,N,0.639,N,172.756
172.756,N,0.639,N,173.394
173.394,N,0.667,N,174.061
174.061,N,0.681,N,174.742
174.742,N,0.669,N,175.411
175.411,N,0.656,N,176.067
176.067,N,0.661,N,176.728
176.728,N,0.661,N,177.389
177.389,N,0.656,N,178.044
178.044,N,0.650,N,178.694
178.694,N,0.606,N,179.300
179.300,N,0.650,N,179.950
179.950,N,0.656,N,180.606
180.606,N,0.661,N,181.267
181.267,N,0.675,N,181.942
181.942,N,0.636,N,182.578
182.578,N,0.631,N,183.208
183.208,N,0.608,N,183.817
183.817,N,0.617,N,184.433
184.433,N,0.603,N,185.036
185.036,N,0.631,N,185.667
185.667,N,0.667,N,186.333
186.333,N,0.678,N,187.011
187.011,N,0.639,N,187.650
187.650,N,0.631,N,188.281
188.281,N,0.636,N,188.917
188.917,N,0.639,N,189.556
189.556,N,0.636,N,190.192
190.192,N,0.614,N,190.806
190.806,N,0.606,N,191.411
191.411,N,0.631,N,192.042
192.042,N,0.644,N,192.686
192.686,N,0.525,A,193.211
193.211,A,0.722,N,193.933
193.933,N,0.636,N,194.569
194.569,N,0.644,N,195.214
195.214,N,0.608,N,195.822
195.822,N,0.600,N,196.422
196.422,N,0.578,N,197.000
197.000,N,0.631,N,197.631
197.631,N,0.681,N,198.311
198.311,N,0.675,N,198.986
198.986,N,0.669,N,199.656
199.656,N,0.633,N,200.289
200.289,N,0.650,N,200.939
200.939,N,0.642,N,201.581
201.581,N,0.619,N,202.200
202.200,N,0.636,N,202.836
202.836,N,0.625,N,203.461
203.461,N,0.644,N,204.106
204.106,N,0.664,N,204.769
204.769,N,0.644,N,205.414
205.414,N,0.644,N,206.058
206.058,N,0.644,N,206.703
206.703,N,0.633,N,207.336
207.336,N,0.636,N,207.972
207.972,N,0.606,N,208.578
208.578,N,0.583,N,209.161
209.161,N,0.647,N,209.808
209.808,N,0.656,N,210.464
210.464,N,0.667,N,211.131
211.131,N,0.675,N,211.806
211.806,N,0.642,N,212.447
212.447,N,0.653,N,213.100
213.100,N,0.617,N,213.717
213.717,N,0.625,N,214.342
214.342,N,0.636,N,214.978
214.978,N,0.611,N,215.589
215.589,N,0.653,N,216.242
216.242,N,0.642,N,216.883
216.883,N,0.653,N,217.536
217.536,N,0.647,N,218.183
218.183,N,0.619,N,218.803
218.803,N,0.622,N,219.425
219.425,N,0.617,N,220.042
220.042,N,0.586,N,220.628
220.628,N,0.575,N,221.203
221.203,N,0.597,N,221.800
221.800,N,0.631,N,222.431
222.431,N,0.639,N,223.069
223.069,N,0.628,N,223.697
223.697,N,0.600,N,224.297
224.297,N,0.600,N,224.897
224.897,N,0.589,N,225.486
225.486,N,0.589,N,226.075
226.075,N,0.597,N,226.672
226.672,N,0.572,N,227.244
227.244,N,0.617,N,227.861
227.861,N,0.653,N,228.514
228.514,N,0.631,N,229.144
229.144,N,0.628,N,229.772
229.772,N,0.594,N,230.367
230.367,N,0.606,N,230.972
230.972,N,0.608,N,231.581
231.581,N,0.592,N,232.172
232.172,N,0.586,N,232.758
232.758,N,0.553,N,233.311
233.311,N,0.614,N,233.925
233.925,N,0.633,N,234.558
234.558,N,0.617,N,235.175
235.175,N,0.633,N,235.808
235.808,N,0.614,N,236.422
236.422,N,0.619,N,237.042
237.042,N,0.589,N,237.631
237.631,N,0.558,N,238.189
238.189,N,0.617,N,238.806
238.806,N,0.589,N,239.394
239.394,N,0.642,N,240.036
240.036,N,0.639,N,240.675
240.675,N,0.644,N,241.319
241.319,N,0.603,N,241.922
241.922,N,0.603,N,242.525
242.525,N,0.614,N,243.139
243.139,N,0.594,N,243.733
243.733,N,0.606,N,244.339
244.339,N,0.606,N,244.944
244.944,N,0.592,N,245.536
245.536,N,0.625,N,246.161
246.161,N,0.625,N,246.786
246.786,N,0.628,N,247.414
247.414,N,0.636,N,248.050
248.050,N,0.619,N,248.669
248.669,N,0.597,N,249.267
249.267,N,0.594,N,249.861
249.861,N,0.589,N,250.450
250.450,N,0.564,N,251.014
251.014,N,0.589,N,251.603
251.603,N,0.600,N,252.203
252.203,N,0.625,N,252.828
252.828,N,0.614,N,253.442
253.442,N,0.589,N,254.031
254.031,N,0.581,N,254.611
254.611,N,0.575,N,255.186
255.186,N,0.572,N,255.758
255.758,N,0.569,N,256.328
256.328,N,0.581,N,256.908
256.908,N,0.544,N,257.453
257.453,N,0.586,N,258.039
258.039,N,0.419,A,258.458
258.458,A,0.667,N,259.125
259.125,N,0.603,N,259.728
259.728,N,0.564,N,260.292
260.292,N,0.581,N,260.872
260.872,N,0.567,N,261.439
261.439,N,0.575,N,262.014
262.014,N,0.556,N,262.569
262.569,N,0.533,N,263.103
263.103,N,0.553,N,263.656
263.656,N,0.478,A,264.133
264.133,A,0.675,N,264.808
264.808,N,0.606,N,265.414
265.414,N,0.567,N,265.981
265.981,N,0.567,N,266.547
266.547,N,0.456,A,267.003
267.003,A,0.619,N,267.622
267.622,N,0.544,N,268.167
268.167,N,0.536,N,268.703
268.703,N,0.533,N,269.236
269.236,N,0.561,N,269.797
269.797,N,0.589,N,270.386
270.386,N,0.569,N,270.956
270.956,N,0.578,N,271.533
271.533,N,0.547,N,272.081
272.081,N,0.550,N,272.631
272.631,N,0.561,N,273.192
273.192,N,0.564,N,273.756
273.756,N,0.539,N,274.294
274.294,N,0.539,N,274.833
274.833,N,0.503,N,275.336
275.336,N,0.564,N,275.900
275.900,N,0.575,N,276.475
276.475,N,0.572,N,277.047
277.047,N,0.567,N,277.614
277.614,N,0.558,N,278.172
278.172,N,0.569,N,278.742
278.742,N,0.542,N,279.283
279.283,N,0.544,N,279.828
279.828,N,0.525,N,280.353
280.353,N,0.528,N,280.881
280.881,N,0.525,N,281.406
281.406,N,0.567,N,281.972
281.972,N,0.558,N,282.531
282.531,N,0.567,N,283.097
283.097,N,0.547,N,283.644
283.644,N,0.544,N,284.189
284.189,N,0.533,N,284.722
284.722,N,0.547,N,285.269
285.269,N,0.522,N,285.792
285.792,N,0.536,N,286.328
286.328,N,0.531,N,286.858
286.858,N,0.517,N,287.375
287.375,N,0.544,N,287.919
287.919,N,0.536,N,288.456
288.456,N,0.572,N,289.028
289.028,N,0.569,N,289.597
289.597,N,0.561,N,290.158
290.158,N,0.558,N,290.717
290.717,N,0.542,N,291.258
291.258,N,0.533,N,291.792
291.792,N,0.522,N,292.314
292.314,N,0.533,N,292.847
292.847,N,0.517,N,293.364
293.364,N,0.544,N,293.908
293.908,N,0.567,N,294.475
294.475,N,0.569,N,295.044
295.044,N,0.581,N,295.625
295.625,N,0.536,N,296.161
296.161,N,0.547,N,296.708
296.708,N,0.533,N,297.242
297.242,N,0.531,N,297.772
297.772,N,0.397,A,298.169
298.169,A,0.569,N,298.739
298.739,N,0.531,N,299.269
299.269,N,0.569,N,299.839
299.839,N,0.556,N,300.394
300.394,N,0.556,N,300.950
300.950,N,0.542,N,301.492
301.492,N,0.567,N,302.058
302.058,N,0.533,N,302.592
302.592,N,0.550,N,303.142
303.142,N,0.531,N,303.672
303.672,N,0.533,N,304.206
304.206,N,0.522,N,304.728
304.728,N,0.497,N,305.225
305.225,N,0.389,A,305.614
305.614,A,0.583,N,306.197
306.197,N,0.592,N,306.789
306.789,N,0.592,N,307.381
307.381,N,0.544,N,307.925
307.925,N,0.533,N,308.458
308.458,N,0.531,N,308.989
308.989,N,0.533,N,309.522
309.522,N,0.531,N,310.053
310.053,N,0.522,N,310.575
310.575,N,0.508,N,311.083
311.083,N,0.542,N,311.625
311.625,N,0.569,N,312.194
312.194,N,0.419,A,312.614
312.614,A,0.578,N,313.192
313.192,N,0.569,N,313.761
313.761,N,0.542,N,314.303
314.303,N,0.550,N,314.853
314.853,N,0.550,N,315.403
315.403,N,0.531,N,315.933
315.933,N,0.536,N,316.469
316.469,N,0.508,N,316.978
316.978,N,0.517,N,317.494
317.494,N,0.547,N,318.042
318.042,N,0.569,N,318.611
318.611,N,0.558,N,319.169
319.169,N,0.572,N,319.742
319.742,N,0.550,N,320.292
320.292,N,0.561,N,320.853
320.853,N,0.547,N,321.400
321.400,N,0.544,N,321.944
321.944,N,0.528,N,322.472
322.472,N,0.531,N,323.003
323.003,N,0.564,N,323.567
323.567,N,0.578,N,324.144
324.144,N,0.583,N,324.728
324.728,N,0.572,N,325.300
325.300,N,0.581,N,325.881
325.881,N,0.556,N,326.436
326.436,N,0.569,N,327.006
327.006,N,0.553,N,327.558
327.558,N,0.469,A,328.028
328.028,A,0.644,N,328.672
328.672,N,0.539,N,329.211
329.211,N,0.564,N,329.775
329.775,N,0.578,N,330.353
330.353,N,0.586,N,330.939
330.939,N,0.592,N,331.531
331.531,N,0.594,N,332.125
332.125,N,0.569,N,332.694
332.694,N,0.572,N,333.267
333.267,N,0.533,N,333.800
333.800,N,0.544,N,334.344
334.344,N,0.558,N,334.903
334.903,N,0.539,N,335.442
335.442,N,0.583,N,336.025
336.025,N,0.578,N,336.603
336.603,N,0.597,N,337.200
337.200,N,0.569,N,337.769
337.769,N,0.553,N,338.322
338.322,N,0.544,N,338.867
338.867,N,0.544,N,339.411
339.411,N,0.400,A,339.811
339.811,A,0.658,N,340.469
340.469,N,0.533,N,341.003
341.003,N,0.536,N,341.539
341.539,N,0.544,N,342.083
342.083,N,0.586,N,342.669
342.669,N,0.575,N,343.244
343.244,N,0.564,N,343.808
343.808,N,0.558,N,344.367
344.367,N,0.439,A,344.806
344.806,A,0.653,N,345.458
345.458,N,0.544,N,346.003
346.003,N,0.542,N,346.544
346.544,N,0.517,N,347.061
347.061,N,0.400,A,347.461
347.461,A,0.603,N,348.064
348.064,N,0.597,N,348.661
348.661,N,0.569,N,349.231
349.231,N,0.569,N,349.800
349.800,N,0.414,A,350.214
350.214,A,0.575,N,350.789
350.789,N,0.558,N,351.347
351.347,N,0.550,N,351.897
351.897,N,0.528,N,352.425
352.425,N,0.539,N,352.964
352.964,N,0.536,N,353.500
353.500,N,0.575,N,354.075
354.075,N,0.567,N,354.642
354.642,N,0.483,N,355.125
355.125,N,0.619,N,355.744
355.744,N,0.556,N,356.300
356.300,N,0.564,N,356.864
356.864,N,0.553,N,357.417
357.417,N,0.375,A,357.792
357.792,A,0.633,N,358.425
358.425,N,0.531,N,358.956
358.956,N,0.514,N,359.469
359.469,N,0.564,N,360.033
360.033,N,0.561,N,360.594
360.594,N,0.589,N,361.183
361.183,N,0.581,N,361.764
361.764,N,0.561,N,362.325
362.325,N,0.436,A,362.761
362.761,A,0.628,N,363.389
363.389,N,0.539,N,363.928
363.928,N,0.533,N,364.461
364.461,N,0.531,N,364.992
364.992,N,0.550,N,365.542
365.542,N,0.561,N,366.103
366.103,N,0.581,N,366.683
366.683,N,0.547,N,367.231
367.231,N,0.564,N,367.794
367.794,N,0.539,N,368.333
368.333,N,0.547,N,368.881
368.881,N,0.444,A,369.325
369.325,A,0.622,N,369.947
369.947,N,0.550,N,370.497
370.497,N,0.522,N,371.019
371.019,N,0.542,N,371.561
371.561,N,0.558,N,372.119
372.119,N,0.575,N,372.694
372.694,N,0.583,N,373.278
373.278,N,0.553,N,373.831
373.831,N,0.578,N,374.408
374.408,N,0.567,N,374.975
374.975,N,0.533,N,375.508
375.508,N,0.542,N,376.050
376.050,N,0.442,A,376.492
376.492,A,0.597,N,377.089
377.089,N,0.556,N,377.644
377.644,N,0.578,N,378.222
378.222,N,0.583,N,378.806
378.806,N,0.572,N,379.378
379.378,N,0.567,N,379.944
379.944,N,0.547,N,380.492
380.492,N,0.539,N,381.031
381.031,N,0.542,N,381.572
381.572,N,0.556,N,382.128
382.128,N,0.533,N,382.661
382.661,N,0.411,A,383.072
383.072,A,0.619,N,383.692
383.692,N,0.561,N,384.253
384.253,N,0.567,N,384.819
384.819,N,0.569,N,385.389
385.389,N,0.411,A,385.800
385.800,A,0.594,N,386.394
386.394,N,0.567,N,386.961
386.961,N,0.561,N,387.522
387.522,N,0.531,N,388.053
388.053,N,0.531,N,388.583
388.583,N,0.497,N,389.081
389.081,N,0.539,N,389.619
389.619,N,0.544,N,390.164
390.164,N,0.594,N,390.758
390.758,N,0.553,N,391.311
391.311,N,0.564,N,391.875
391.875,N,0.519,N,392.394
392.394,N,0.461,A,392.856
392.856,A,0.597,N,393.453
393.453,N,0.539,N,393.992
393.992,N,0.536,N,394.528
394.528,N,0.519,N,395.047
395.047,N,0.433,A,395.481
395.481,A,0.653,N,396.133
396.133,N,0.589,N,396.722
396.722,N,0.567,N,397.289
397.289,N,0.561,N,397.850
397.850,N,0.561,N,398.411
398.411,N,0.583,N,398.994
398.994,N,0.547,N,399.542
399.542,N,0.511,N,400.053
400.053,N,0.572,N,400.625
400.625,N,0.525,N,401.150
401.150,N,0.558,N,401.708
401.708,N,0.581,N,402.289
402.289,N,0.575,N,402.864
402.864,N,0.592,N,403.456
403.456,N,0.589,N,404.044
404.044,N,0.561,N,404.606
404.606,N,0.561,N,405.167
405.167,N,0.553,N,405.719
405.719,N,0.558,N,406.278
406.278,N,0.567,N,406.844
406.844,N,0.561,N,407.406
407.406,N,0.592,N,407.997
407.997,N,0.625,N,408.622
408.622,N,0.597,N,409.219
409.219,N,0.606,N,409.825
409.825,N,0.600,N,410.425
410.425,N,0.592,N,411.017
411.017,N,0.436,A,411.453
411.453,A,0.714,N,412.167
412.167,N,0.611,N,412.778
412.778,N,0.567,N,413.344
413.344,N,0.603,N,413.947
413.947,N,0.603,N,414.550
414.550,N,0.628,N,415.178
415.178,N,0.633,N,415.811
415.811,N,0.592,N,416.403
416.403,N,0.603,N,417.006
417.006,N,0.453,A,417.458
417.458,A,0.675,N,418.133
418.133,N,0.592,N,418.725
418.725,N,0.553,N,419.278
419.278,N,0.617,N,419.894
419.894,N,0.625,N,420.519
420.519,N,0.639,N,421.158
421.158,N,0.422,A,421.581
421.581,A,0.369,A,421.950
421.950,A,0.367,A,422.317
422.317,A,0.364,A,422.681
422.681,A,0.378,A,423.058
423.058,A,0.372,A,423.431
423.431,A,0.372,A,423.803
423.803,A,0.372,A,424.175
424.175,A,0.367,A,424.542
424.542,A,0.367,A,424.908
424.908,A,0.361,A,425.269
425.269,A,0.367,A,425.636
425.636,A,0.389,A,426.025
426.025,A,0.392,A,426.417
426.417,A,0.394,A,426.811
426.811,A,0.403,A,427.214
427.214,A,0.381,A,427.594
427.594,A,0.383,A,427.978
427.978,A,0.369,A,428.347
428.347,A,0.611,N,428.958
428.958,N,0.608,N,429.567
429.567,N,0.578,N,430.144
430.144,N,0.561,N,430.706
430.706,N,0.544,N,431.250
431.250,N,0.600,N,431.850
431.850,N,0.633,N,432.483
432.483,N,0.442,A,432.925
432.925,A,0.364,A,433.289
433.289,A,0.603,N,433.892
433.892,N,0.611,N,434.503
434.503,N,0.603,N,435.106
435.106,N,0.597,N,435.703
435.703,N,0.611,N,436.314
436.314,N,0.611,N,436.925
436.925,N,0.611,N,437.536
437.536,N,0.633,N,438.169
438.169,N,0.667,N,438.836
438.836,N,0.669,N,439.506
439.506,N,0.656,N,440.161
440.161,N,0.658,N,440.819
440.819,N,0.633,N,441.453
441.453,N,0.561,N,442.014
442.014,N,0.675,N,442.689
442.689,N,0.592,N,443.281
443.281,N,0.650,N,443.931
443.931,N,0.661,N,444.592
444.592,N,0.661,N,445.253
445.253,N,0.669,N,445.922
445.922,N,0.619,N,446.542
446.542,N,0.625,N,447.167
447.167,N,0.622,N,447.789
447.789,N,0.633,N,448.422
448.422,N,0.625,N,449.047
449.047,N,0.625,N,449.672
449.672,N,0.656,N,450.328
450.328,N,0.631,N,450.958
450.958,N,0.694,N,451.653
451.653,N,0.647,N,452.300
452.300,N,0.653,N,452.953
452.953,N,0.656,N,453.608
453.608,N,0.653,N,454.261
454.261,N,0.625,N,454.886
454.886,N,0.614,N,455.500
455.500,N,0.650,N,456.150
456.150,N,0.689,N,456.839
456.839,N,0.694,N,457.533
457.533,N,0.661,N,458.194
458.194,N,0.650,N,458.844
458.844,N,0.642,N,459.486
459.486,N,0.633,N,460.119
460.119,N,0.631,N,460.750
460.750,N,0.617,N,461.367
461.367,N,0.661,N,462.028
462.028,N,0.683,N,462.711
462.711,N,0.667,N,463.378
463.378,N,0.644,N,464.022
464.022,N,0.639,N,464.661
464.661,N,0.661,N,465.322
465.322,N,0.528,A,465.850
465.850,A,0.750,N,466.600
466.600,N,0.611,N,467.211
467.211,N,0.667,N,467.878
467.878,N,0.669,N,468.547
468.547,N,0.661,N,469.208
469.208,N,0.672,N,469.881
469.881,N,0.642,N,470.522
470.522,N,0.633,N,471.156
471.156,N,0.650,N,471.806
471.806,N,0.628,N,472.433
472.433,N,0.608,N,473.042
473.042,N,0.656,N,473.697
473.697,N,0.694,N,474.392
474.392,N,0.683,N,475.075
475.075,N,0.644,N,475.719
475.719,N,0.636,N,476.356
476.356,N,0.653,N,477.008
477.008,N,0.625,N,477.633
477.633,N,0.631,N,478.264
478.264,N,0.636,N,478.900
478.900,N,0.611,N,479.511
479.511,N,0.658,N,480.169
480.169,N,0.658,N,480.828
480.828,N,0.672,N,481.500
481.500,N,0.661,N,482.161
482.161,N,0.650,N,482.811
482.811,N,0.478,A,483.289
483.289,A,0.731,N,484.019
484.019,N,0.653,N,484.672
484.672,N,0.603,N,485.275
485.275,N,0.639,N,485.914
485.914,N,0.667,N,486.581
486.581,N,0.661,N,487.242
487.242,N,0.656,N,487.897
487.897,N,0.639,N,488.536
488.536,N,0.628,N,489.164
489.164,N,0.508,A,489.672
489.672,A,0.731,N,490.403
490.403,N,0.636,N,491.039
491.039,N,0.625,N,491.664
491.664,N,0.628,N,492.292
492.292,N,0.667,N,492.958
492.958,N,0.656,N,493.614
493.614,N,0.631,N,494.244
494.244,N,0.642,N,494.886
494.886,N,0.633,N,495.519
495.519,N,0.644,N,496.164
496.164,N,0.628,N,496.792
496.792,N,0.603,N,497.394
497.394,N,0.658,N,498.053
498.053,N,0.686,N,498.739
498.739,N,0.683,N,499.422
499.422,N,0.658,N,500.081
500.081,N,0.633,N,500.714
500.714,N,0.628,N,501.342
501.342,N,0.614,N,501.956
501.956,N,0.533,N,502.489
502.489,N,0.667,N,503.156
503.156,N,0.633,N,503.789
503.789,N,0.650,N,504.439
504.439,N,0.633,N,505.072
505.072,N,0.633,N,505.706
505.706,N,0.625,N,506.331
506.331,N,0.656,N,506.986
506.986,N,0.469,A,507.456
507.456,A,0.392,A,507.847
507.847,A,0.569,N,508.417
508.417,N,0.750,N,509.167
509.167,N,0.667,N,509.833
509.833,N,0.669,N,510.503
510.503,N,0.650,N,511.153
511.153,N,0.658,N,511.811
511.811,N,0.631,N,512.442
512.442,N,0.625,N,513.067
513.067,N,0.619,N,513.686
513.686,N,0.603,N,514.289
514.289,N,0.603,N,514.892
514.892,N,0.539,A,515.431
515.431,A,0.711,N,516.142
516.142,N,0.664,N,516.806
516.806,N,0.647,N,517.453
517.453,N,0.639,N,518.092
518.092,N,0.567,A,518.658
518.658,A,0.703,N,519.361
519.361,N,0.642,N,520.003
520.003,N,0.636,N,520.639
520.639,N,0.622,N,521.261
521.261,N,0.497,A,521.758
521.758,A,0.786,N,522.544
522.544,N,0.658,N,523.203
523.203,N,0.672,N,523.875
523.875,N,0.650,N,524.525
524.525,N,0.633,N,525.158
525.158,N,0.619,N,525.778
525.778,N,0.622,N,526.400
526.400,N,0.617,N,527.017
527.017,N,0.611,N,527.628
527.628,N,0.656,N,528.283
528.283,N,0.669,N,528.953
528.953,N,0.669,N,529.622
529.622,N,0.628,N,530.250
530.250,N,0.631,N,530.881
530.881,N,0.628,N,531.508
531.508,N,0.631,N,532.139
532.139,N,0.647,N,532.786
532.786,N,0.622,N,533.408
533.408,N,0.658,N,534.067
534.067,N,0.664,N,534.731
534.731,N,0.667,N,535.397
535.397,N,0.667,N,536.064
536.064,N,0.653,N,536.717
536.717,N,0.650,N,537.367
537.367,N,0.647,N,538.014
538.014,N,0.633,N,538.647
538.647,N,0.597,N,539.244
539.244,N,0.639,N,539.883
539.883,N,0.686,N,540.569
540.569,N,0.678,N,541.247
541.247,N,0.650,N,541.897
541.897,N,0.644,N,542.542
542.542,N,0.642,N,543.183
543.183,N,0.575,N,543.758
543.758,N,0.661,N,544.419
544.419,N,0.625,N,545.044
545.044,N,0.622,N,545.667
545.667,N,0.656,N,546.322
546.322,N,0.661,N,546.983
546.983,N,0.656,N,547.639
547.639,N,0.631,N,548.269
548.269,N,0.644,N,548.914
548.914,N,0.647,N,549.561
549.561,N,0.625,N,550.186
550.186,N,0.617,N,550.803
550.803,N,0.594,N,551.397
551.397,N,0.647,N,552.044
552.044,N,0.600,A,552.644
552.644,A,0.739,N,553.383
553.383,N,0.672,N,554.056
554.056,N,0.664,N,554.719
554.719,N,0.647,N,555.367
555.367,N,0.414,A,555.781
555.781,A,0.358,A,556.139
556.139,A,0.389,A,556.528
556.528,A,0.433,A,556.961
556.961,A,0.550,A,557.511
557.511,A,0.469,A,557.981
557.981,A,0.392,A,558.372
558.372,A,0.403,A,558.775
558.775,A,0.389,A,559.164
559.164,A,0.392,A,559.556
559.556,A,0.394,A,559.950
559.950,A,0.369,A,560.319
560.319,A,0.389,A,560.708
560.708,A,0.367,A,561.075
561.075,A,0.383,A,561.458
561.458,A,0.381,A,561.839
561.839,A,0.375,A,562.214
562.214,A,0.386,A,562.600
562.600,A,0.378,A,562.978
562.978,A,0.353,A,563.331
563.331,A,0.381,A,563.711
563.711,A,0.378,A,564.089
564.089,A,0.381,A,564.469
564.469,A,0.392,A,564.861
564.861,A,0.394,A,565.256
565.256,A,0.392,A,565.647
565.647,A,0.403,A,566.050
566.050,A,0.378,A,566.428
566.428,A,0.386,A,566.814
566.814,A,0.381,A,567.194
567.194,A,0.361,A,567.556
567.556,A,0.367,A,567.922
567.922,A,0.364,A,568.286
568.286,A,0.356,A,568.642
568.642,A,0.361,A,569.003
569.003,A,0.336,A,569.339
569.339,A,0.375,A,569.714
569.714,A,0.383,A,570.097
570.097,A,0.389,A,570.486
570.486,A,0.400,A,570.886
570.886,A,0.389,A,571.275
571.275,A,0.383,A,571.658
571.658,A,0.386,A,572.044
572.044,A,0.367,A,572.411
572.411,A,0.367,A,572.778
572.778,A,0.372,A,573.150
573.150,A,0.372,A,573.522
573.522,A,0.372,A,573.894
573.894,A,0.369,A,574.264
574.264,A,0.361,A,574.625
574.625,A,0.361,A,574.986
574.986,A,0.356,A,575.342
575.342,A,0.369,A,575.711
575.711,A,0.386,A,576.097
576.097,A,0.392,A,576.489
576.489,A,0.383,A,576.872
576.872,A,0.394,A,577.267
577.267,A,0.369,A,577.636
577.636,A,0.381,A,578.017
578.017,A,0.378,A,578.394
578.394,A,0.378,A,578.772
578.772,A,0.386,A,579.158
579.158,A,0.369,A,579.528
579.528,A,0.369,A,579.897
579.897,A,0.369,A,580.267
580.267,A,0.375,A,580.642
580.642,A,0.356,A,580.997
580.997,A,0.350,A,581.347
581.347,A,0.375,A,581.722
581.722,A,0.392,A,582.114
582.114,A,0.400,A,582.514
582.514,A,0.386,A,582.900
582.900,A,0.406,A,583.306
583.306,A,0.528,A,583.833
583.833,A,0.608,N,584.442
584.442,N,0.592,N,585.033
585.033,N,0.608,N,585.642
585.642,N,0.583,N,586.225
586.225,N,0.611,N,586.836
586.836,N,0.619,N,587.456
587.456,N,0.661,N,588.117
588.117,N,0.683,N,588.800
588.800,N,0.683,N,589.483
589.483,N,0.689,N,590.172
590.172,N,0.694,N,590.867
590.867,N,0.658,N,591.525
591.525,N,0.658,N,592.183
592.183,N,0.631,N,592.814
592.814,N,0.600,N,593.414
593.414,N,0.481,A,593.894
593.894,A,0.783,N,594.678
594.678,N,0.678,N,595.356
595.356,N,0.664,N,596.019
596.019,N,0.619,N,596.639
596.639,N,0.628,N,597.267
597.267,N,0.608,N,597.875
597.875,N,0.611,N,598.486
598.486,N,0.611,N,599.097
599.097,N,0.431,A,599.528
599.528,A,0.372,A,599.900
599.900,A,0.394,A,600.294
600.294,A,0.383,A,600.678
600.678,A,0.375,A,601.053
601.053,A,0.389,A,601.442
601.442,A,0.386,A,601.828
601.828,A,0.383,A,602.211
602.211,A,0.383,A,602.594
602.594,A,0.383,A,602.978
602.978,A,0.389,A,603.367
603.367,A,0.381,A,603.747
603.747,A,0.381,A,604.128
604.128,A,0.389,A,604.517
604.517,A,0.372,A,604.889
604.889,A,0.361,A,605.250
605.250,A,0.383,A,605.633
605.633,A,0.386,A,606.019
606.019,A,0.389,A,606.408
606.408,A,0.392,A,606.800
606.800,A,0.378,A,607.178
607.178,A,0.394,A,607.572
607.572,A,0.381,A,607.953
607.953,A,0.367,A,608.319
608.319,A,0.389,A,608.708
608.708,A,0.372,A,609.081
609.081,A,0.378,A,609.458
609.458,A,0.369,A,609.828
609.828,A,0.361,A,610.189
610.189,A,0.369,A,610.558
610.558,A,0.358,A,610.917
610.917,A,0.336,A,611.253
611.253,A,0.375,A,611.628
611.628,A,0.381,A,612.008
612.008,A,0.386,A,612.394
612.394,A,0.400,A,612.794
612.794,A,0.383,A,613.178
613.178,A,0.386,A,613.564
613.564,A,0.392,A,613.956
613.956,A,0.358,A,614.314
614.314,A,0.358,A,614.672
614.672,A,0.364,A,615.036
615.036,A,0.367,A,615.403
615.403,A,0.372,A,615.775
615.775,A,0.369,A,616.144
616.144,A,0.358,A,616.503
616.503,A,0.361,A,616.864
616.864,A,0.339,A,617.203
617.203,A,0.356,A,617.558
617.558,A,0.394,A,617.953
617.953,A,0.372,A,618.325
618.325,A,0.383,A,618.708
618.708,A,0.397,A,619.106
619.106,A,0.375,A,619.481
619.481,A,0.386,A,619.867
619.867,A,0.383,A,620.250
620.250,A,0.383,A,620.633
620.633,A,0.394,A,621.028
621.028,A,0.489,N,621.517
621.517,N,0.544,N,622.061
622.061,N,0.542,N,622.603
622.603,N,0.519,N,623.122
623.122,N,0.556,N,623.678
623.678,N,0.608,N,624.286
624.286,N,0.633,N,624.919
624.919,N,0.678,N,625.597
625.597,N,0.664,N,626.261
626.261,N,0.683,N,626.944
626.944,N,0.706,N,627.650
627.650,N,0.686,N,628.336
628.336,N,0.681,N,629.017
629.017,N,0.686,N,629.703
629.703,N,0.694,N,630.397
630.397,N,0.697,N,631.094
631.094,N,0.686,N,631.781
631.781,N,0.678,N,632.458
632.458,N,0.661,N,633.119
633.119,N,0.631,N,633.750
633.750,N,0.611,N,634.361
634.361,N,0.628,N,634.989
634.989,N,0.606,N,635.594
635.594,N,0.642,N,636.236
636.236,N,0.661,N,636.897
636.897,N,0.483,A,637.381
637.381,A,0.778,N,638.158
638.158,N,0.631,N,638.789
638.789,N,0.619,N,639.408
639.408,N,0.606,N,640.014
640.014,N,0.608,N,640.622
640.622,N,0.597,N,641.219
641.219,N,0.628,N,641.847
641.847,N,0.650,N,642.497
642.497,N,0.628,N,643.125
643.125,N,0.628,N,643.753
643.753,N,0.633,N,644.386
644.386,N,0.608,N,644.994
644.994,N,0.625,N,645.619
645.619,N,0.508,A,646.128
646.128,A,0.694,N,646.822
646.822,N,0.594,N,647.417
647.417,N,0.617,N,648.033
648.033,N,0.647,N,648.681
648.681,N,0.597,N,649.278
649.278,N,0.697,N,649.975
649.975,N,0.614,N,650.589
650.589,N,0.608,N,651.197
651.197,N,0.603,N,651.800
651.800,N,0.469,A,652.269
652.269,A,0.678,N,652.947
652.947,N,0.614,N,653.561
653.561,N,0.661,N,654.222
654.222,N,0.669,N,654.892
654.892,N,0.647,N,655.539
655.539,N,0.633,N,656.172
656.172,N,0.617,N,656.789
656.789,N,0.628,N,657.417
657.417,N,0.622,N,658.039
658.039,N,0.606,N,658.644
658.644,N,0.592,N,659.236
659.236,N,0.619,N,659.856
659.856,N,0.650,N,660.506
660.506,N,0.597,N,661.103
661.103,N,0.694,N,661.797
661.797,N,0.631,N,662.428
662.428,N,0.647,N,663.075
663.075,N,0.606,N,663.681
663.681,N,0.508,A,664.189
664.189,A,0.686,N,664.875
664.875,N,0.606,N,665.481
665.481,N,0.653,N,666.133
666.133,N,0.642,N,666.775
666.775,N,0.536,A,667.311
667.311,A,0.717,N,668.028
668.028,N,0.617,N,668.644
668.644,N,0.636,N,669.281
669.281,N,0.614,N,669.894
669.894,N,0.619,N,670.514
670.514,N,0.594,N,671.108
671.108,N,0.592,N,671.700
671.700,N,0.628,N,672.328
672.328,N,0.614,N,672.942
672.942,N,0.619,N,673.561
673.561,N,0.619,N,674.181
674.181,N,0.617,N,674.797
674.797,N,0.594,N,675.392
675.392,N,0.592,N,675.983
675.983,N,0.592,N,676.575
676.575,N,0.572,N,677.147
677.147,N,0.608,N,677.756
677.756,N,0.625,N,678.381
678.381,N,0.642,N,679.022
679.022,N,0.656,N,679.678
679.678,N,0.619,N,680.297
680.297,N,0.614,N,680.911
680.911,N,0.600,N,681.511
681.511,N,0.617,N,682.128
682.128,N,0.625,N,682.753
682.753,N,0.586,N,683.339
683.339,N,0.631,N,683.969
683.969,N,0.589,N,684.558
684.558,N,0.683,N,685.242
685.242,N,0.642,N,685.883
685.883,N,0.608,N,686.492
686.492,N,0.628,N,687.119
687.119,N,0.619,N,687.739
687.739,N,0.600,N,688.339
688.339,N,0.606,N,688.944
688.944,N,0.581,N,689.525
689.525,N,0.633,N,690.158
690.158,N,0.658,N,690.817
690.817,N,0.656,N,691.472
691.472,N,0.639,N,692.111
692.111,N,0.603,N,692.714
692.714,N,0.611,N,693.325
693.325,N,0.619,N,693.944
693.944,N,0.597,N,694.542
694.542,N,0.589,N,695.131
695.131,N,0.617,N,695.747
695.747,N,0.650,N,696.397
696.397,N,0.639,N,697.036
697.036,N,0.625,N,697.661
697.661,N,0.617,N,698.278
698.278,N,0.633,N,698.911
698.911,N,0.633,N,699.544
699.544,N,0.600,N,700.144
700.144,N,0.608,N,700.753
700.753,N,0.586,N,701.339
701.339,N,0.597,N,701.936
701.936,N,0.675,N,702.611
702.611,N,0.642,N,703.253
703.253,N,0.653,N,703.906
703.906,N,0.631,N,704.536
704.536,N,0.619,N,705.156
705.156,N,0.614,N,705.769
705.769,N,0.592,N,706.361
706.361,N,0.608,N,706.969
706.969,N,0.494,A,707.464
707.464,A,0.728,N,708.192
708.192,N,0.664,N,708.856
708.856,N,0.625,N,709.481
709.481,N,0.625,N,710.106
710.106,N,0.528,A,710.633
710.633,A,0.681,N,711.314
711.314,N,0.619,N,711.933
711.933,N,0.614,N,712.547
712.547,N,0.594,N,713.142
713.142,N,0.458,A,713.600
713.600,A,0.711,N,714.311
714.311,N,0.661,N,714.972
714.972,N,0.664,N,715.636
715.636,N,0.644,N,716.281
716.281,N,0.617,N,716.897
716.897,N,0.625,N,717.522
717.522,N,0.603,N,718.125
718.125,N,0.603,N,718.728
718.728,N,0.592,N,719.319
719.319,N,0.628,N,719.947
719.947,N,0.656,N,720.603
720.603,N,0.653,N,721.256
721.256,N,0.636,N,721.892
721.892,N,0.625,N,722.517
722.517,N,0.622,N,723.139
723.139,N,0.622,N,723.761
723.761,N,0.639,N,724.400
724.400,N,0.617,N,725.017
725.017,N,0.608,N,725.625
725.625,N,0.639,N,726.264
726.264,N,0.664,N,726.928
726.928,N,0.664,N,727.592
727.592,N,0.631,N,728.222
728.222,N,0.636,N,728.858
728.858,N,0.642,N,729.500
729.500,N,0.625,N,730.125
730.125,N,0.558,N,730.683
730.683,N,0.647,N,731.331
731.331,N,0.653,N,731.983
731.983,N,0.669,N,732.653
732.653,N,0.664,N,733.317
733.317,N,0.464,A,733.781
733.781,A,0.406,A,734.186
734.186,A,0.542,A,734.728
734.728,A,0.472,A,735.200
735.200,A,0.372,A,735.572
735.572,A,0.386,A,735.958
735.958,A,0.364,A,736.322
736.322,A,0.375,A,736.697
736.697,A,0.369,A,737.067
737.067,A,0.358,A,737.425
737.425,A,0.394,A,737.819
737.819,A,0.397,A,738.217
738.217,A,0.394,A,738.611
738.611,A,0.403,A,739.014
739.014,A,0.397,A,739.411
739.411,A,0.389,A,739.800
739.800,A,0.386,A,740.186
740.186,A,0.386,A,740.572
740.572,A,0.392,A,740.964
740.964,A,0.400,A,741.364
741.364,A,0.372,A,741.736
741.736,A,0.369,A,742.106
742.106,A,0.372,A,742.478
742.478,A,0.364,A,742.842
742.842,A,0.344,A,743.186
743.186,A,0.369,A,743.556
743.556,A,0.381,A,743.936
743.936,A,0.386,A,744.322
744.322,A,0.378,A,744.700
744.700,A,0.381,A,745.081
745.081,A,0.394,A,745.475
745.475,A,0.381,A,745.856
745.856,A,0.378,A,746.233
746.233,A,0.378,A,746.611
746.611,A,0.364,A,746.975
746.975,A,0.367,A,747.342
747.342,A,0.364,A,747.706
747.706,A,0.356,A,748.061
748.061,A,0.361,A,748.422
748.422,A,0.350,A,748.772
748.772,A,0.556,N,749.328
749.328,N,0.589,N,749.917
749.917,N,0.586,N,750.503
750.503,N,0.572,N,751.075
751.075,N,0.558,N,751.633
751.633,N,0.556,N,752.189
752.189,N,0.558,N,752.747
752.747,N,0.544,N,753.292
753.292,N,0.556,N,753.847
753.847,N,0.550,N,754.397
754.397,N,0.578,N,754.975
754.975,N,0.347,A,755.322
755.322,A,0.753,N,756.075
756.075,N,0.625,N,756.700
756.700,N,0.661,N,757.361
757.361,N,0.664,N,758.025
758.025,N,0.619,N,758.644
758.644,N,0.628,N,759.272
759.272,N,0.594,N,759.867
759.867,N,0.603,N,760.469
760.469,N,0.600,N,761.069
761.069,N,0.572,N,761.642
761.642,N,0.639,N,762.281
762.281,N,0.636,N,762.917
762.917,N,0.628,N,763.544
763.544,N,0.603,N,764.147
764.147,N,0.592,N,764.739
764.739,N,0.581,N,765.319
765.319,N,0.539,N,765.858
765.858,N,0.631,N,766.489
766.489,N,0.575,N,767.064
767.064,N,0.564,N,767.628
767.628,N,0.575,N,768.203
768.203,N,0.594,N,768.797
768.797,N,0.608,N,769.406
769.406,N,0.592,N,769.997
769.997,N,0.581,N,770.578
770.578,N,0.581,N,771.158
771.158,N,0.589,N,771.747
771.747,N,0.558,N,772.306
772.306,N,0.558,N,772.864
772.864,N,0.536,N,773.400
773.400,N,0.594,N,773.994
773.994,N,0.625,N,774.619
774.619,N,0.600,N,775.219
775.219,N,0.425,A,775.644
775.644,A,0.689,N,776.333
776.333,N,0.592,N,776.925
776.925,N,0.575,N,777.500
777.500,N,0.586,N,778.086
778.086,N,0.447,A,778.533
778.533,A,0.639,N,779.172
779.172,N,0.622,N,779.794
779.794,N,0.653,N,780.447
780.447,N,0.669,N,781.117
781.117,N,0.653,N,781.769
781.769,N,0.644,N,782.414
782.414,N,0.669,N,783.083
783.083,N,0.600,V,783.683
783.683,V,0.661,N,784.344
784.344,N,0.622,N,784.967
784.967,N,0.608,N,785.575
785.575,N,0.653,N,786.228
786.228,N,0.644,N,786.872
786.872,N,0.647,N,787.519
787.519,N,0.650,N,788.169
788.169,N,0.633,N,788.803
788.803,N,0.631,N,789.433
789.433,N,0.608,N,790.042
790.042,N,0.625,N,790.667
790.667,N,0.608,N,791.275
791.275,N,0.431,A,791.706
791.706,A,0.589,N,792.294
792.294,N,0.483,A,792.778
792.778,A,0.408,A,793.186
793.186,A,0.406,A,793.592
793.592,A,0.394,A,793.986
793.986,A,0.381,A,794.367
794.367,A,0.386,A,794.753
794.753,A,0.383,A,795.136
795.136,A,0.394,A,795.531
795.531,A,0.372,A,795.903
795.903,A,0.375,A,796.278
796.278,A,0.372,A,796.650
796.650,A,0.356,A,797.006
797.006,A,0.350,A,797.356
797.356,A,0.372,A,797.728
797.728,A,0.375,A,798.103
798.103,A,0.392,A,798.494
798.494,A,0.392,A,798.886
798.886,A,0.403,A,799.289
799.289,A,0.414,A,799.703
799.703,A,0.392,A,800.094
800.094,A,0.369,A,800.464
800.464,A,0.383,A,800.847
800.847,A,0.347,A,801.194
801.194,A,0.353,A,801.547
801.547,A,0.364,A,801.911
801.911,A,0.586,N,802.497
802.497,N,0.669,N,803.167
803.167,N,0.592,N,803.758
803.758,N,0.606,N,804.364
804.364,N,0.617,N,804.981
804.981,N,0.572,N,805.553
805.553,N,0.611,N,806.164
806.164,N,0.581,N,806.744
806.744,N,0.606,N,807.350
807.350,N,0.625,N,807.975
807.975,N,0.475,A,808.450
808.450,A,0.725,N,809.175
809.175,N,0.617,N,809.792
809.792,N,0.658,N,810.450
810.450,N,0.658,N,811.108
811.108,N,0.636,N,811.744
811.744,N,0.639,N,812.383
812.383,N,0.642,N,813.025
813.025,N,0.619,N,813.644
813.644,N,0.583,N,814.228
814.228,N,0.642,N,814.869
814.869,N,0.606,N,815.475
815.475,N,0.656,N,816.131
816.131,N,0.658,N,816.789
816.789,N,0.494,A,817.283
817.283,A,0.758,N,818.042
818.042,N,0.644,N,818.686
818.686,N,0.633,N,819.319
819.319,N,0.597,N,819.917
819.917,N,0.622,N,820.539
820.539,N,0.597,N,821.136
821.136,N,0.633,N,821.769
821.769,N,0.636,N,822.406
822.406,N,0.636,N,823.042
823.042,N,0.639,N,823.681
823.681,N,0.639,N,824.319
824.319,N,0.631,N,824.950
824.950,N,0.611,N,825.561
825.561,N,0.617,N,826.178
826.178,N,0.617,N,826.794
826.794,N,0.589,N,827.383
827.383,N,0.642,N,828.025
828.025,N,0.661,N,828.686
828.686,N,0.669,N,829.356
829.356,N,0.664,N,830.019
830.019,N,0.625,N,830.644
830.644,N,0.639,N,831.283
831.283,N,0.614,N,831.897
831.897,N,0.628,N,832.525
832.525,N,0.628,N,833.153
833.153,N,0.633,N,833.786
833.786,N,0.661,N,834.447
834.447,N,0.658,N,835.106
835.106,N,0.664,N,835.769
835.769,N,0.644,N,836.414
836.414,N,0.644,N,837.058
837.058,N,0.636,N,837.694
837.694,N,0.581,N,838.275
838.275,N,0.686,N,838.961
838.961,N,0.617,N,839.578
839.578,N,0.664,N,840.242
840.242,N,0.689,N,840.931
840.931,N,0.681,N,841.611
841.611,N,0.653,N,842.264
842.264,N,0.644,N,842.908
842.908,N,0.642,N,843.550
843.550,N,0.581,A,844.131
844.131,A,0.722,N,844.853
844.853,N,0.633,N,845.486
845.486,N,0.656,N,846.142
846.142,N,0.669,N,846.811
846.811,N,0.642,N,847.453
847.453,N,0.636,N,848.089
848.089,N,0.606,N,848.694
848.694,N,0.636,N,849.331
849.331,N,0.644,N,849.975
849.975,N,0.617,N,850.592
850.592,N,0.594,N,851.186
851.186,N,0.625,N,851.811
851.811,N,0.642,N,852.453
852.453,N,0.614,N,853.067
853.067,N,0.675,N,853.742
853.742,N,0.639,N,854.381
854.381,N,0.647,N,855.028
855.028,N,0.614,N,855.642
855.642,N,0.486,A,856.128
856.128,A,0.700,N,856.828
856.828,N,0.603,N,857.431
857.431,N,0.644,N,858.075
858.075,N,0.647,N,858.722
858.722,N,0.642,N,859.364
859.364,N,0.617,N,859.981
859.981,N,0.603,N,860.583
860.583,N,0.619,N,861.203
861.203,N,0.603,N,861.806
861.806,N,0.422,A,862.228
862.228,A,0.567,N,862.794
862.794,N,0.444,A,863.239
863.239,A,0.378,A,863.617
863.617,A,0.383,A,864.000
864.000,A,0.392,A,864.392
864.392,A,0.383,A,864.775
864.775,A,0.378,A,865.153
865.153,A,0.386,A,865.539
865.539,A,0.397,A,865.936
865.936,A,0.389,A,866.325
866.325,A,0.394,A,866.719
866.719,A,0.372,A,867.092
867.092,A,0.389,A,867.481
867.481,A,0.381,A,867.861
867.861,A,0.367,A,868.228
868.228,A,0.531,N,868.758
868.758,N,0.694,N,869.453
869.453,N,0.614,N,870.067
870.067,N,0.631,N,870.697
870.697,N,0.619,N,871.317
871.317,N,0.614,N,871.931
871.931,N,0.569,N,872.500
872.500,N,0.586,N,873.086
873.086,N,0.572,N,873.658
873.658,N,0.578,N,874.236
874.236,N,0.589,N,874.825
874.825,N,0.564,N,875.389
875.389,N,0.611,N,876.000
876.000,N,0.614,N,876.614
876.614,N,0.631,N,877.244
877.244,N,0.617,N,877.861
877.861,N,0.606,N,878.467
878.467,N,0.611,N,879.078
879.078,N,0.603,N,879.681
879.681,N,0.608,N,880.289
880.289,N,0.542,N,880.831
880.831,N,0.606,N,881.436
881.436,N,0.600,N,882.036
882.036,N,0.636,N,882.672
882.672,N,0.619,N,883.292
883.292,N,0.661,N,883.953
883.953,N,0.619,N,884.572
884.572,N,0.606,N,885.178
885.178,N,0.611,N,885.789
885.789,N,0.564,N,886.353
886.353,N,0.642,N,886.994
886.994,N,0.603,N,887.597
887.597,N,0.639,N,888.236
888.236,N,0.633,N,888.869
888.869,N,0.494,A,889.364
889.364,A,0.728,N,890.092
890.092,N,0.614,N,890.706
890.706,N,0.625,N,891.331
891.331,N,0.511,N,891.842
891.842,N,0.689,N,892.531
892.531,N,0.592,N,893.122
893.122,N,0.586,N,893.708
893.708,N,0.622,N,894.331
894.331,N,0.647,N,894.978
894.978,N,0.631,N,895.608
895.608,N,0.625,N,896.233
896.233,N,0.631,N,896.864
896.864,N,0.603,N,897.467
897.467,N,0.603,N,898.069
898.069,N,0.594,N,898.664
898.664,N,0.589,N,899.253
899.253,N,0.586,N,899.839
899.839,N,0.669,N,900.508
900.508,N,0.647,N,901.156
901.156,N,0.617,N,901.772
901.772,N,0.608,N,902.381
902.381,N,0.544,N,902.925
902.925,N,0.647,N,903.572
903.572,N,0.608,N,904.181
904.181,N,0.586,N,904.767
904.767,N,0.567,N,905.333
905.333,N,0.594,N,905.928
905.928,N,0.619,N,906.547
906.547,N,0.606,N,907.153
907.153,N,0.611,N,907.764
907.764,N,0.611,N,908.375
908.375,N,0.586,N,908.961
908.961,N,0.589,N,909.550
909.550,N,0.564,N,910.114
910.114,N,0.583,N,910.697
910.697,N,0.567,N,911.264
911.264,N,0.592,N,911.856
911.856,N,0.631,N,912.486
912.486,N,0.644,N,913.131
913.131,N,0.639,N,913.769
913.769,N,0.619,N,914.389
914.389,N,0.614,N,915.003
915.003,N,0.606,N,915.608
915.608,N,0.636,N,916.244
916.244,N,0.631,N,916.875
916.875,N,0.592,N,917.467
917.467,N,0.644,N,918.111
918.111,N,0.517,A,918.628
918.628,A,0.761,N,919.389
919.389,N,0.664,N,920.053
920.053,N,0.653,N,920.706
920.706,N,0.633,N,921.339
921.339,N,0.628,N,921.967
921.967,N,0.614,N,922.581
922.581,N,0.597,N,923.178
923.178,N,0.617,N,923.794
923.794,N,0.500,A,924.294
924.294,A,0.792,N,925.086
925.086,N,0.656,N,925.742
925.742,N,0.628,N,926.369
926.369,N,0.611,N,926.981
926.981,N,0.617,N,927.597
927.597,N,0.617,N,928.214
928.214,N,0.597,N,928.811
928.811,N,0.592,N,929.403
929.403,N,0.597,N,930.000
930.000,N,0.681,N,930.681
930.681,N,0.636,N,931.317
931.317,N,0.633,N,931.950
931.950,N,0.619,N,932.569
932.569,N,0.639,N,933.208
933.208,N,0.625,N,933.833
933.833,N,0.625,N,934.458
934.458,N,0.606,N,935.064
935.064,N,0.603,N,935.667
935.667,N,0.667,N,936.333
936.333,N,0.658,N,936.992
936.992,N,0.661,N,937.653
937.653,N,0.639,N,938.292
938.292,N,0.633,N,938.925
938.925,N,0.625,N,939.550
939.550,N,0.594,N,940.144
940.144,N,0.483,A,940.628
940.628,A,0.678,N,941.306
941.306,N,0.647,N,941.953
941.953,N,0.656,N,942.608
942.608,N,0.642,N,943.250
943.250,N,0.642,N,943.892
943.892,N,0.622,N,944.514
944.514,N,0.622,N,945.136
945.136,N,0.617,N,945.753
945.753,N,0.619,N,946.372
946.372,N,0.617,N,946.989
946.989,N,0.581,N,947.569
947.569,N,0.628,N,948.197
948.197,N,0.647,N,948.844
948.844,N,0.664,N,949.508
949.508,N,0.667,N,950.175
950.175,N,0.628,N,950.803
950.803,N,0.594,N,951.397
951.397,N,0.661,N,952.058
952.058,N,0.619,N,952.678
952.678,N,0.608,N,953.286
953.286,N,0.642,N,953.928
953.928,N,0.517,A,954.444
954.444,A,0.822,N,955.267
955.267,N,0.681,N,955.947
955.947,N,0.661,N,956.608
956.608,N,0.639,N,957.247
957.247,N,0.653,N,957.900
957.900,N,0.667,N,958.567
958.567,N,0.625,N,959.192
959.192,N,0.642,N,959.833
959.833,N,0.664,N,960.497
960.497,N,0.667,N,961.164
961.164,N,0.658,N,961.822
961.822,N,0.564,N,962.386
962.386,N,0.681,N,963.067
963.067,N,0.639,N,963.706
963.706,N,0.617,N,964.322
964.322,N,0.633,N,964.956
964.956,N,0.411,A,965.367
965.367,A,0.761,N,966.128
966.128,N,0.717,N,966.844
966.844,N,0.672,N,967.517
967.517,N,0.514,A,968.031
968.031,A,0.700,N,968.731
968.731,N,0.650,N,969.381
969.381,N,0.647,N,970.028
970.028,N,0.617,N,970.644
970.644,N,0.603,N,971.247
971.247,N,0.658,N,971.906
971.906,N,0.667,N,972.572
972.572,N,0.686,N,973.258
973.258,N,0.664,N,973.922
973.922,N,0.658,N,974.581
974.581,N,0.678,N,975.258
975.258,N,0.550,N,975.808
975.808,N,0.722,N,976.531
976.531,N,0.622,N,977.153
977.153,N,0.642,N,977.794
977.794,N,0.669,N,978.464
978.464,N,0.672,N,979.136
979.136,N,0.675,N,979.811
979.811,N,0.672,N,980.483
980.483,N,0.650,N,981.133
981.133,N,0.647,N,981.781
981.781,N,0.628,N,982.408
982.408,N,0.625,N,983.033
983.033,N,0.628,N,983.661
983.661,N,0.650,N,984.311
984.311,N,0.661,N,984.972
984.972,N,0.639,N,985.611
985.611,N,0.636,N,986.247
986.247,N,0.631,N,986.878
986.878,N,0.603,N,987.481
987.481,N,0.533,A,988.014
988.014,A,0.694,N,988.708
988.708,N,0.597,N,989.306
989.306,N,0.644,N,989.950
989.950,N,0.658,N,990.608
990.608,N,0.683,N,991.292
991.292,N,0.689,N,991.981
991.981,N,0.642,N,992.622
992.622,N,0.661,N,993.283
993.283,N,0.636,N,993.919
993.919,N,0.644,N,994.564
994.564,N,0.631,N,995.194
995.194,N,0.633,N,995.828
995.828,N,0.717,N,996.544
996.544,N,0.708,N,997.253
997.253,N,0.681,N,997.933
997.933,N,0.575,A,998.508
998.508,A,0.725,N,999.233
999.233,N,0.672,N,999.906
999.906,N,0.675,N,1000.581
1000.581,N,0.619,N,1001.200
1001.200,N,0.492,A,1001.692
1001.692,A,0.750,N,1002.442
1002.442,N,0.697,N,1003.139
1003.139,N,0.664,N,1003.803
1003.803,N,0.642,N,1004.444
1004.444,N,0.650,N,1005.094
1005.094,N,0.639,N,1005.733
1005.733,N,0.614,N,1006.347
1006.347,N,0.611,N,1006.958
1006.958,N,0.603,N,1007.561
1007.561,N,0.656,N,1008.217
1008.217,N,0.672,N,1008.889
1008.889,N,0.650,N,1009.539
1009.539,N,0.653,N,1010.192
1010.192,N,0.625,N,1010.817
1010.817,N,0.625,N,1011.442
1011.442,N,0.633,N,1012.075
1012.075,N,0.633,N,1012.708
1012.708,N,0.608,N,1013.317
1013.317,N,0.658,N,1013.975
1013.975,N,0.664,N,1014.639
1014.639,N,0.675,N,1015.314
1015.314,N,0.669,N,1015.983
1015.983,N,0.669,N,1016.653
1016.653,N,0.669,N,1017.322
1017.322,N,0.642,N,1017.964
1017.964,N,0.614,N,1018.578
1018.578,N,0.542,A,1019.119
1019.119,A,0.689,N,1019.808
1019.808,N,0.653,N,1020.461
1020.461,N,0.675,N,1021.136
1021.136,N,0.661,N,1021.797
1021.797,N,0.553,A,1022.350
1022.350,A,0.706,N,1023.056
1023.056,N,0.631,N,1023.686
1023.686,N,0.625,N,1024.311
1024.311,N,0.633,N,1024.944
1024.944,N,0.575,N,1025.519
1025.519,N,0.675,N,1026.194
1026.194,N,0.658,N,1026.853
1026.853,N,0.658,N,1027.511
1027.511,N,0.642,N,1028.153
1028.153,N,0.628,N,1028.781
1028.781,N,0.642,N,1029.422
1029.422,N,0.617,N,1030.039
1030.039,N,0.619,N,1030.658
1030.658,N,0.583,N,1031.242
1031.242,N,0.611,N,1031.853
1031.853,N,0.631,N,1032.483
1032.483,N,0.661,N,1033.144
1033.144,N,0.664,N,1033.808
1033.808,N,0.628,N,1034.436
1034.436,N,0.622,N,1035.058
1035.058,N,0.614,N,1035.672
1035.672,N,0.608,N,1036.281
1036.281,N,0.614,N,1036.894
1036.894,N,0.594,N,1037.489
1037.489,N,0.644,N,1038.133
1038.133,N,0.664,N,1038.797
1038.797,N,0.636,N,1039.433
1039.433,N,0.636,N,1040.069
1040.069,N,0.606,N,1040.675
1040.675,N,0.622,N,1041.297
1041.297,N,0.617,N,1041.914
1041.914,N,0.594,N,1042.508
1042.508,N,0.603,N,1043.111
1043.111,N,0.569,N,1043.681
1043.681,N,0.622,N,1044.303
1044.303,N,0.644,N,1044.947
1044.947,N,0.636,N,1045.583
1045.583,N,0.644,N,1046.228
1046.228,N,0.619,N,1046.847
1046.847,N,0.617,N,1047.464
1047.464,N,0.617,N,1048.081
1048.081,N,0.594,N,1048.675
1048.675,N,0.608,N,1049.283
1049.283,N,0.644,N,1049.928
1049.928,N,0.661,N,1050.589
1050.589,N,0.661,N,1051.250
1051.250,N,0.633,N,1051.883
1051.883,N,0.628,N,1052.511
1052.511,N,0.625,N,1053.136
1053.136,N,0.619,N,1053.756
1053.756,N,0.625,N,1054.381
1054.381,N,0.556,A,1054.936
1054.936,A,0.653,N,1055.589
1055.589,N,0.644,N,1056.233
1056.233,N,0.650,N,1056.883
1056.883,N,0.642,N,1057.525
1057.525,N,0.631,N,1058.156
1058.156,N,0.653,N,1058.808
1058.808,N,0.636,N,1059.444
1059.444,N,0.628,N,1060.072
1060.072,N,0.606,N,1060.678
1060.678,N,0.592,N,1061.269
1061.269,N,0.636,N,1061.906
1061.906,N,0.647,N,1062.553
1062.553,N,0.653,N,1063.206
1063.206,N,0.656,N,1063.861
1063.861,N,0.611,N,1064.472
1064.472,N,0.617,N,1065.089
1065.089,N,0.592,N,1065.681
1065.681,N,0.614,N,1066.294
1066.294,N,0.619,N,1066.914
1066.914,N,0.581,N,1067.494
1067.494,N,0.622,N,1068.117
1068.117,N,0.628,N,1068.744
1068.744,N,0.639,N,1069.383
1069.383,N,0.639,N,1070.022
1070.022,N,0.608,N,1070.631
1070.631,N,0.633,N,1071.264
1071.264,N,0.625,N,1071.889
1071.889,N,0.464,A,1072.353
1072.353,A,0.669,N,1073.022
1073.022,N,0.603,N,1073.625
1073.625,N,0.639,N,1074.264
1074.264,N,0.661,N,1074.925
1074.925,N,0.661,N,1075.586
1075.586,N,0.642,N,1076.228
1076.228,N,0.622,N,1076.850
1076.850,N,0.619,N,1077.469
1077.469,N,0.611,N,1078.081
1078.081,N,0.614,N,1078.694
1078.694,N,0.597,N,1079.292
1079.292,N,0.636,N,1079.928
1079.928,N,0.669,N,1080.597
1080.597,N,0.653,N,1081.250
1081.250,N,0.647,N,1081.897
1081.897,N,0.625,N,1082.522
1082.522,N,0.636,N,1083.158
1083.158,N,0.631,N,1083.789
1083.789,N,0.603,N,1084.392
1084.392,N,0.608,N,1085.000
1085.000,N,0.583,N,1085.583
1085.583,N,0.622,N,1086.206
1086.206,N,0.644,N,1086.850
1086.850,N,0.633,N,1087.483
1087.483,N,0.650,N,1088.133
1088.133,N,0.631,N,1088.764
1088.764,N,0.614,N,1089.378
1089.378,N,0.589,N,1089.967
1089.967,N,0.619,N,1090.586
1090.586,N,0.592,N,1091.178
1091.178,N,0.700,N,1091.878
1091.878,N,0.681,N,1092.558
1092.558,N,0.667,N,1093.225
1093.225,N,0.631,N,1093.856
1093.856,N,0.619,N,1094.475
1094.475,N,0.644,N,1095.119
1095.119,N,0.619,N,1095.739
1095.739,N,0.619,N,1096.358
1096.358,N,0.614,N,1096.972
1096.972,N,0.594,N,1097.567
1097.567,N,0.558,N,1098.125
1098.125,N,0.686,N,1098.811
1098.811,N,0.644,N,1099.456
1099.456,N,0.644,N,1100.100
1100.100,N,0.617,N,1100.717
1100.717,N,0.444,A,1101.161
1101.161,A,0.708,N,1101.869
1101.869,N,0.611,N,1102.481
1102.481,N,0.592,N,1103.072
1103.072,N,0.594,N,1103.667
1103.667,N,0.628,N,1104.294
1104.294,N,0.656,N,1104.950
1104.950,N,0.653,N,1105.603
1105.603,N,0.622,N,1106.225
1106.225,N,0.622,N,1106.847
1106.847,N,0.606,N,1107.453
1107.453,N,0.611,N,1108.064
1108.064,N,0.617,N,1108.681
1108.681,N,0.586,N,1109.267
1109.267,N,0.625,N,1109.892
1109.892,N,0.625,N,1110.517
1110.517,N,0.653,N,1111.169
1111.169,N,0.658,N,1111.828
1111.828,N,0.619,N,1112.447
1112.447,N,0.644,N,1113.092
1113.092,N,0.636,N,1113.728
1113.728,N,0.631,N,1114.358
1114.358,N,0.617,N,1114.975
1114.975,N,0.592,N,1115.567
1115.567,N,0.647,N,1116.214
1116.214,N,0.675,N,1116.889
1116.889,N,0.664,N,1117.553
1117.553,N,0.650,N,1118.203
1118.203,N,0.617,N,1118.819
1118.819,N,0.497,A,1119.317
1119.317,A,0.719,N,1120.036
1120.036,N,0.622,N,1120.658
1120.658,N,0.606,N,1121.264
1121.264,N,0.558,N,1121.822
1121.822,N,0.714,N,1122.536
1122.536,N,0.658,N,1123.194
1123.194,N,0.653,N,1123.847
1123.847,N,0.633,N,1124.481
1124.481,N,0.564,N,1125.044
1125.044,N,0.725,N,1125.769
1125.769,N,0.625,N,1126.394
1126.394,N,0.611,N,1127.006
1127.006,N,0.600,N,1127.606
1127.606,N,0.642,N,1128.247
1128.247,N,0.653,N,1128.900
1128.900,N,0.647,N,1129.547
1129.547,N,0.639,N,1130.186
1130.186,N,0.575,N,1130.761
1130.761,N,0.664,N,1131.425
1131.425,N,0.608,N,1132.033
1132.033,N,0.608,N,1132.642
1132.642,N,0.600,N,1133.242
1133.242,N,0.633,N,1133.875
1133.875,N,0.642,N,1134.517
1134.517,N,0.658,N,1135.175
1135.175,N,0.642,N,1135.817
1135.817,N,0.622,N,1136.439
1136.439,N,0.642,N,1137.081
1137.081,N,0.633,N,1137.714
1137.714,N,0.631,N,1138.344
1138.344,N,0.633,N,1138.978
1138.978,N,0.564,A,1139.542
1139.542,A,0.686,N,1140.228
1140.228,N,0.647,N,1140.875
1140.875,N,0.664,N,1141.539
1141.539,N,0.669,N,1142.208
1142.208,N,0.625,N,1142.833
1142.833,N,0.631,N,1143.464
1143.464,N,0.619,N,1144.083
1144.083,N,0.619,N,1144.703
1144.703,N,0.600,N,1145.303
1145.303,N,0.631,N,1145.933
1145.933,N,0.669,N,1146.603
1146.603,N,0.678,N,1147.281
1147.281,N,0.647,N,1147.928
1147.928,N,0.631,N,1148.558
1148.558,N,0.633,N,1149.192
1149.192,N,0.639,N,1149.831
1149.831,N,0.483,A,1150.314
1150.314,A,0.708,N,1151.022
1151.022,N,0.625,N,1151.647
1151.647,N,0.633,N,1152.281
1152.281,N,0.642,N,1152.922
1152.922,N,0.658,N,1153.581
1153.581,N,0.642,N,1154.222
1154.222,N,0.631,N,1154.853
1154.853,N,0.631,N,1155.483
1155.483,N,0.608,N,1156.092
1156.092,N,0.461,A,1156.553
1156.553,A,0.689,N,1157.242
1157.242,N,0.642,N,1157.883
1157.883,N,0.669,N,1158.553
1158.553,N,0.656,N,1159.208
1159.208,N,0.647,N,1159.856
1159.856,N,0.611,N,1160.467
1160.467,N,0.633,N,1161.100
1161.100,N,0.625,N,1161.725
1161.725,N,0.606,N,1162.331
1162.331,N,0.622,N,1162.953
1162.953,N,0.622,N,1163.575
1163.575,N,0.644,N,1164.219
1164.219,N,0.661,N,1164.881
1164.881,N,0.658,N,1165.539
1165.539,N,0.658,N,1166.197
1166.197,N,0.656,N,1166.853
1166.853,N,0.633,N,1167.486
1167.486,N,0.639,N,1168.125
1168.125,N,0.608,N,1168.733
1168.733,N,0.600,N,1169.333
1169.333,N,0.644,N,1169.978
1169.978,N,0.653,N,1170.631
1170.631,N,0.672,N,1171.303
1171.303,N,0.661,N,1171.964
1171.964,N,0.631,N,1172.594
1172.594,N,0.639,N,1173.233
1173.233,N,0.608,N,1173.842
1173.842,N,0.619,N,1174.461
1174.461,N,0.467,A,1174.928
1174.928,A,0.708,N,1175.636
1175.636,N,0.656,N,1176.292
1176.292,N,0.647,N,1176.939
1176.939,N,0.658,N,1177.597
1177.597,N,0.650,N,1178.247
1178.247,N,0.625,N,1178.872
1178.872,N,0.644,N,1179.517
1179.517,N,0.594,N,1180.111
1180.111,N,0.664,N,1180.775
1180.775,N,0.597,N,1181.372
1181.372,N,0.631,N,1182.003
1182.003,N,0.492,A,1182.494
1182.494,A,0.758,N,1183.253
1183.253,N,0.692,N,1183.944
1183.944,N,0.642,N,1184.586
1184.586,N,0.628,N,1185.214
1185.214,N,0.619,N,1185.833
1185.833,N,0.614,N,1186.447
1186.447,N,0.617,N,1187.064
1187.064,N,0.617,N,1187.681
1187.681,N,0.608,N,1188.289
1188.289,N,0.708,N,1188.997
1188.997,N,0.658,N,1189.656
1189.656,N,0.642,N,1190.297
1190.297,N,0.536,A,1190.833
1190.833,A,0.722,N,1191.556
1191.556,N,0.647,N,1192.203
1192.203,N,0.614,N,1192.817
1192.817,N,0.592,N,1193.408
1193.408,N,0.633,N,1194.042
1194.042,N,0.642,N,1194.683
1194.683,N,0.650,N,1195.333
1195.333,N,0.650,N,1195.983
1195.983,N,0.631,N,1196.614
1196.614,N,0.644,N,1197.258
1197.258,N,0.608,N,1197.867
1197.867,N,0.619,N,1198.486
1198.486,N,0.603,N,1199.089
1199.089,N,0.603,N,1199.692
1199.692,N,0.661,N,1200.353
1200.353,N,0.656,N,1201.008
1201.008,N,0.664,N,1201.672
1201.672,N,0.483,A,1202.156
1202.156,A,0.694,N,1202.850
1202.850,N,0.656,N,1203.506
1203.506,N,0.617,N,1204.122
1204.122,N,0.628,N,1204.750
1204.750,N,0.611,N,1205.361
1205.361,N,0.639,N,1206.000
1206.000,N,0.656,N,1206.656
1206.656,N,0.636,N,1207.292
1207.292,N,0.664,N,1207.956
1207.956,N,0.650,N,1208.606
1208.606,N,0.633,N,1209.239
1209.239,N,0.622,N,1209.861
1209.861,N,0.572,N,1210.433
1210.433,N,0.650,N,1211.083
1211.083,N,0.608,N,1211.692
1211.692,N,0.642,N,1212.333
1212.333,N,0.594,A,1212.928
1212.928,A,0.731,N,1213.658
1213.658,N,0.647,N,1214.306
1214.306,N,0.650,N,1214.956
1214.956,N,0.628,N,1215.583
1215.583,N,0.628,N,1216.211
1216.211,N,0.631,N,1216.842
1216.842,N,0.608,N,1217.450
1217.450,N,0.650,N,1218.100
1218.100,N,0.644,N,1218.744
1218.744,N,0.619,N,1219.364
1219.364,N,0.703,N,1220.067
1220.067,N,0.625,N,1220.692
1220.692,N,0.647,N,1221.339
1221.339,N,0.636,N,1221.975
1221.975,N,0.639,N,1222.614
1222.614,N,0.611,N,1223.225
1223.225,N,0.617,N,1223.842
1223.842,N,0.658,N,1224.500
1224.500,N,0.517,A,1225.017
1225.017,A,0.778,N,1225.794
1225.794,N,0.647,N,1226.442
1226.442,N,0.628,N,1227.069
1227.069,N,0.617,N,1227.686
1227.686,N,0.611,N,1228.297
1228.297,N,0.600,N,1228.897
1228.897,N,0.606,N,1229.503
1229.503,N,0.639,N,1230.142
1230.142,N,0.494,A,1230.636
1230.636,A,0.758,N,1231.394
1231.394,N,0.661,N,1232.056
1232.056,N,0.622,N,1232.678
1232.678,N,0.633,N,1233.311
1233.311,N,0.639,N,1233.950
1233.950,N,0.614,N,1234.564
1234.564,N,0.606,N,1235.169
1235.169,N,0.589,N,1235.758
1235.758,N,0.636,N,1236.394
1236.394,N,0.664,N,1237.058
1237.058,N,0.639,N,1237.697
1237.697,N,0.622,N,1238.319
1238.319,N,0.656,N,1238.975
1238.975,N,0.606,N,1239.581
1239.581,N,0.606,N,1240.186
1240.186,N,0.592,N,1240.778
1240.778,N,0.592,N,1241.369
1241.369,N,0.644,N,1242.014
1242.014,N,0.633,N,1242.647
1242.647,N,0.656,N,1243.303
1243.303,N,0.631,N,1243.933
1243.933,N,0.622,N,1244.556
1244.556,N,0.636,N,1245.192
1245.192,N,0.611,N,1245.803
1245.803,N,0.531,N,1246.333
1246.333,N,0.694,N,1247.028
1247.028,N,0.594,N,1247.622
1247.622,N,0.639,N,1248.261
1248.261,N,0.642,N,1248.903
1248.903,N,0.642,N,1249.544
1249.544,N,0.650,N,1250.194
1250.194,N,0.628,N,1250.822
1250.822,N,0.622,N,1251.444
1251.444,N,0.597,N,1252.042
1252.042,N,0.606,N,1252.647
1252.647,N,0.586,N,1253.233
1253.233,N,0.608,N,1253.842
1253.842,N,0.642,N,1254.483
1254.483,N,0.653,N,1255.136
1255.136,N,0.647,N,1255.783
1255.783,N,0.625,N,1256.408
1256.408,N,0.617,N,1257.025
1257.025,N,0.611,N,1257.636
1257.636,N,0.625,N,1258.261
1258.261,N,0.619,N,1258.881
1258.881,N,0.586,N,1259.467
1259.467,N,0.533,N,1260.000
1260.000,N,0.714,N,1260.714
1260.714,N,0.639,N,1261.353
1261.353,N,0.644,N,1261.997
1261.997,N,0.625,N,1262.622
1262.622,N,0.631,N,1263.253
1263.253,N,0.625,N,1263.878
1263.878,N,0.608,N,1264.486
1264.486,N,0.608,N,1265.094
1265.094,N,0.592,N,1265.686
1265.686,N,0.642,N,1266.328
1266.328,N,0.669,N,1266.997
1266.997,N,0.650,N,1267.647
1267.647,N,0.642,N,1268.289
1268.289,N,0.614,N,1268.903
1268.903,N,0.625,N,1269.528
1269.528,N,0.611,N,1270.139
1270.139,N,0.628,N,1270.767
1270.767,N,0.594,N,1271.361
1271.361,N,0.647,N,1272.008
1272.008,N,0.647,N,1272.656
1272.656,N,0.647,N,1273.303
1273.303,N,0.636,N,1273.939
1273.939,N,0.636,N,1274.575
1274.575,N,0.650,N,1275.225
1275.225,N,0.608,N,1275.833
1275.833,N,0.614,N,1276.447
1276.447,N,0.597,N,1277.044
1277.044,N,0.586,N,1277.631
1277.631,N,0.644,N,1278.275
1278.275,N,0.633,N,1278.908
1278.908,N,0.647,N,1279.556
1279.556,N,0.642,N,1280.197
1280.197,N,0.431,A,1280.628
1280.628,A,0.650,N,1281.278
1281.278,N,0.617,N,1281.894
1281.894,N,0.594,N,1282.489
1282.489,N,0.603,N,1283.092
1283.092,N,0.600,N,1283.692
1283.692,N,0.625,N,1284.317
1284.317,N,0.636,N,1284.953
1284.953,N,0.633,N,1285.586
1285.586,N,0.633,N,1286.219
1286.219,N,0.631,N,1286.850
1286.850,N,0.625,N,1287.475
1287.475,N,0.625,N,1288.100
1288.100,N,0.633,N,1288.733
1288.733,N,0.592,N,1289.325
1289.325,N,0.639,N,1289.964
1289.964,N,0.647,N,1290.611
1290.611,N,0.681,N,1291.292
1291.292,N,0.544,A,1291.836
1291.836,A,0.742,N,1292.578
1292.578,N,0.661,N,1293.239
1293.239,N,0.619,N,1293.858
1293.858,N,0.617,N,1294.475
1294.475,N,0.628,N,1295.103
1295.103,N,0.600,N,1295.703
1295.703,N,0.656,N,1296.358
1296.358,N,0.672,N,1297.031
1297.031,N,0.597,N,1297.628
1297.628,N,0.686,N,1298.314
1298.314,N,0.617,N,1298.931
1298.931,N,0.625,N,1299.556
1299.556,N,0.631,N,1300.186
1300.186,N,0.614,N,1300.800
1300.800,N,0.606,N,1301.406
1301.406,N,0.631,N,1302.036
1302.036,N,0.664,N,1302.700
1302.700,N,0.681,N,1303.381
1303.381,N,0.647,N,1304.028
1304.028,N,0.489,A,1304.517
1304.517,A,0.772,N,1305.289
1305.289,N,0.636,N,1305.925
1305.925,N,0.628,N,1306.553
1306.553,N,0.608,N,1307.161
1307.161,N,0.617,N,1307.778
1307.778,N,0.667,N,1308.444
1308.444,N,0.658,N,1309.103
1309.103,N,0.664,N,1309.767
1309.767,N,0.622,N,1310.389
1310.389,N,0.625,N,1311.014
1311.014,N,0.639,N,1311.653
1311.653,N,0.617,N,1312.269
1312.269,N,0.631,N,1312.900
1312.900,N,0.614,N,1313.514
1313.514,N,0.653,N,1314.167
1314.167,N,0.678,N,1314.844
1314.844,N,0.653,N,1315.497
1315.497,N,0.664,N,1316.161
1316.161,N,0.667,N,1316.828
1316.828,N,0.550,A,1317.378
1317.378,A,0.700,N,1318.078
1318.078,N,0.622,N,1318.700
1318.700,N,0.608,N,1319.308
1319.308,N,0.647,N,1319.956
1319.956,N,0.647,N,1320.603
1320.603,N,0.675,N,1321.278
1321.278,N,0.678,N,1321.956
1321.956,N,0.636,N,1322.592
1322.592,N,0.642,N,1323.233
1323.233,N,0.625,N,1323.858
1323.858,N,0.625,N,1324.483
1324.483,N,0.636,N,1325.119
1325.119,N,0.611,N,1325.731
1325.731,N,0.628,N,1326.358
1326.358,N,0.661,N,1327.019
1327.019,N,0.647,N,1327.667
1327.667,N,0.647,N,1328.314
1328.314,N,0.625,N,1328.939
1328.939,N,0.542,N,1329.481
1329.481,N,0.706,N,1330.186
1330.186,N,0.633,N,1330.819
1330.819,N,0.603,N,1331.422
1331.422,N,0.475,A,1331.897
1331.897,A,0.764,N,1332.661
1332.661,N,0.689,N,1333.350
1333.350,N,0.669,N,1334.019
1334.019,N,0.625,N,1334.644
1334.644,N,0.633,N,1335.278
1335.278,N,0.622,N,1335.900
1335.900,N,0.619,N,1336.519
1336.519,N,0.608,N,1337.128
1337.128,N,0.611,N,1337.739
1337.739,N,0.653,N,1338.392
1338.392,N,0.658,N,1339.050
1339.050,N,0.642,N,1339.692
1339.692,N,0.633,N,1340.325
1340.325,N,0.628,N,1340.953
1340.953,N,0.633,N,1341.586
1341.586,N,0.631,N,1342.217
1342.217,N,0.619,N,1342.836
1342.836,N,0.597,N,1343.433
1343.433,N,0.631,N,1344.064
1344.064,N,0.664,N,1344.728
1344.728,N,0.669,N,1345.397
1345.397,N,0.667,N,1346.064
1346.064,N,0.644,N,1346.708
1346.708,N,0.661,N,1347.369
1347.369,N,0.642,N,1348.011
1348.011,N,0.628,N,1348.639
1348.639,N,0.594,N,1349.233
1349.233,N,0.656,N,1349.889
1349.889,N,0.678,N,1350.567
1350.567,N,0.661,N,1351.228
1351.228,N,0.664,N,1351.892
1351.892,N,0.633,N,1352.525
1352.525,N,0.639,N,1353.164
1353.164,N,0.628,N,1353.792
1353.792,N,0.622,N,1354.414
1354.414,N,0.642,N,1355.056
1355.056,N,0.622,N,1355.678
1355.678,N,0.650,N,1356.328
1356.328,N,0.669,N,1356.997
1356.997,N,0.667,N,1357.664
1357.664,N,0.667,N,1358.331
1358.331,N,0.658,N,1358.989
1358.989,N,0.644,N,1359.633
1359.633,N,0.622,N,1360.256
1360.256,N,0.622,N,1360.878
1360.878,N,0.606,N,1361.483
1361.483,N,0.639,N,1362.122
1362.122,N,0.675,N,1362.797
1362.797,N,0.669,N,1363.467
1363.467,N,0.669,N,1364.136
1364.136,N,0.642,N,1364.778
1364.778,N,0.628,N,1365.406
1365.406,N,0.572,N,1365.978
1365.978,N,0.717,N,1366.694
1366.694,N,0.619,N,1367.314
1367.314,N,0.647,N,1367.961
1367.961,N,0.661,N,1368.622
1368.622,N,0.667,N,1369.289
1369.289,N,0.664,N,1369.953
1369.953,N,0.631,N,1370.583
1370.583,N,0.661,N,1371.244
1371.244,N,0.644,N,1371.889
1371.889,N,0.614,N,1372.503
1372.503,N,0.625,N,1373.128
1373.128,N,0.600,N,1373.728
1373.728,N,0.650,N,1374.378
1374.378,N,0.683,N,1375.061
1375.061,N,0.672,N,1375.733
1375.733,N,0.647,N,1376.381
1376.381,N,0.622,N,1377.003
1377.003,N,0.633,N,1377.636
1377.636,N,0.642,N,1378.278
1378.278,N,0.611,N,1378.889
1378.889,N,0.603,N,1379.492
1379.492,N,0.664,N,1380.156
1380.156,N,0.661,N,1380.817
1380.817,N,0.653,N,1381.469
1381.469,N,0.642,N,1382.111
1382.111,N,0.631,N,1382.742
1382.742,N,0.644,N,1383.386
1383.386,N,0.622,N,1384.008
1384.008,N,0.619,N,1384.628
1384.628,N,0.589,N,1385.217
1385.217,N,0.611,N,1385.828
1385.828,N,0.650,N,1386.478
1386.478,N,0.650,N,1387.128
1387.128,N,0.661,N,1387.789
1387.789,N,0.650,N,1388.439
1388.439,N,0.622,N,1389.061
1389.061,N,0.631,N,1389.692
1389.692,N,0.611,N,1390.303
1390.303,N,0.619,N,1390.922
1390.922,N,0.608,N,1391.531
1391.531,N,0.644,N,1392.175
1392.175,N,0.653,N,1392.828
1392.828,N,0.642,N,1393.469
1393.469,N,0.647,N,1394.117
1394.117,N,0.631,N,1394.747
1394.747,N,0.503,A,1395.250
1395.250,A,0.719,N,1395.969
1395.969,N,0.631,N,1396.600
1396.600,N,0.603,N,1397.203
1397.203,N,0.606,N,1397.808
1397.808,N,0.486,A,1398.294
1398.294,A,0.728,N,1399.022
1399.022,N,0.683,N,1399.706
1399.706,N,0.658,N,1400.364
1400.364,N,0.633,N,1400.997
1400.997,N,0.631,N,1401.628
1401.628,N,0.625,N,1402.253
1402.253,N,0.617,N,1402.869
1402.869,N,0.597,N,1403.467
1403.467,N,0.653,N,1404.119
1404.119,N,0.664,N,1404.783
1404.783,N,0.667,N,1405.450
1405.450,N,0.661,N,1406.111
1406.111,N,0.492,A,1406.603
1406.603,A,0.717,N,1407.319
1407.319,N,0.658,N,1407.978
1407.978,N,0.650,N,1408.628
1408.628,N,0.611,N,1409.239
1409.239,N,0.478,A,1409.717
1409.717,A,0.708,N,1410.425
1410.425,N,0.672,N,1411.097
1411.097,N,0.664,N,1411.761
1411.761,N,0.481,A,1412.242
1412.242,A,0.717,N,1412.958
1412.958,N,0.669,N,1413.628
1413.628,N,0.625,N,1414.253
1414.253,N,0.617,N,1414.869
1414.869,N,0.600,N,1415.469
1415.469,N,0.656,N,1416.125
1416.125,N,0.681,N,1416.806
1416.806,N,0.658,N,1417.464
1417.464,N,0.664,N,1418.128
1418.128,N,0.625,N,1418.753
1418.753,N,0.619,N,1419.372
1419.372,N,0.628,N,1420.000
1420.000,N,0.622,N,1420.622
1420.622,N,0.608,N,1421.231
1421.231,N,0.633,N,1421.864
1421.864,N,0.650,N,1422.514
1422.514,N,0.669,N,1423.183
1423.183,N,0.644,N,1423.828
1423.828,N,0.636,N,1424.464
1424.464,N,0.644,N,1425.108
1425.108,N,0.617,N,1425.725
1425.725,N,0.625,N,1426.350
1426.350,N,0.606,N,1426.956
1426.956,N,0.597,N,1427.553
1427.553,N,0.653,N,1428.206
1428.206,N,0.656,N,1428.861
1428.861,N,0.675,N,1429.536
1429.536,N,0.672,N,1430.208
1430.208,N,0.633,N,1430.842
1430.842,N,0.633,N,1431.475
1431.475,N,0.619,N,1432.094
1432.094,N,0.633,N,1432.728
1432.728,N,0.619,N,1433.347
1433.347,N,0.633,N,1433.981
1433.981,N,0.667,N,1434.647
1434.647,N,0.650,N,1435.297
1435.297,N,0.656,N,1435.953
1435.953,N,0.642,N,1436.594
1436.594,N,0.625,N,1437.219
1437.219,N,0.636,N,1437.856
1437.856,N,0.633,N,1438.489
1438.489,N,0.619,N,1439.108
1439.108,N,0.600,N,1439.708
1439.708,N,0.639,N,1440.347
1440.347,N,0.669,N,1441.017
1441.017,N,0.683,N,1441.700
1441.700,N,0.658,N,1442.358
1442.358,N,0.653,N,1443.011
1443.011,N,0.628,N,1443.639
1443.639,N,0.636,N,1444.275
1444.275,N,0.639,N,1444.914
1444.914,N,0.600,N,1445.514
1445.514,N,0.603,N,1446.117
1446.117,N,0.731,N,1446.847
1446.847,N,0.658,N,1447.506
1447.506,N,0.658,N,1448.164
1448.164,N,0.622,N,1448.786
1448.786,N,0.636,N,1449.422
1449.422,N,0.639,N,1450.061
1450.061,N,0.619,N,1450.681
1450.681,N,0.606,N,1451.286
1451.286,N,0.617,N,1451.903
1451.903,N,0.642,N,1452.544
1452.544,N,0.672,N,1453.217
1453.217,N,0.650,N,1453.867
1453.867,N,0.647,N,1454.514
1454.514,N,0.644,N,1455.158
1455.158,N,0.625,N,1455.783
1455.783,N,0.625,N,1456.408
1456.408,N,0.603,N,1457.011
1457.011,N,0.600,N,1457.611
1457.611,N,0.661,N,1458.272
1458.272,N,0.658,N,1458.931
1458.931,N,0.661,N,1459.592
1459.592,N,0.633,N,1460.225
1460.225,N,0.625,N,1460.850
1460.850,N,0.628,N,1461.478
1461.478,N,0.606,N,1462.083
1462.083,N,0.633,N,1462.717
1462.717,N,0.597,N,1463.314
1463.314,N,0.550,A,1463.864
1463.864,A,0.711,N,1464.575
1464.575,N,0.656,N,1465.231
1465.231,N,0.656,N,1465.886
1465.886,N,0.639,N,1466.525
1466.525,N,0.647,N,1467.172
1467.172,N,0.628,N,1467.800
1467.800,N,0.611,N,1468.411
1468.411,N,0.611,N,1469.022
1469.022,N,0.597,N,1469.619
1469.619,N,0.644,N,1470.264
1470.264,N,0.667,N,1470.931
1470.931,N,0.658,N,1471.589
1471.589,N,0.656,N,1472.244
1472.244,N,0.622,N,1472.867
1472.867,N,0.622,N,1473.489
1473.489,N,0.617,N,1474.106
1474.106,N,0.569,N,1474.675
1474.675,N,0.658,N,1475.333
1475.333,N,0.633,N,1475.967
1475.967,N,0.653,N,1476.619
1476.619,N,0.661,N,1477.281
1477.281,N,0.650,N,1477.931
1477.931,N,0.625,N,1478.556
1478.556,N,0.644,N,1479.200
1479.200,N,0.636,N,1479.836
1479.836,N,0.636,N,1480.472
1480.472,N,0.611,N,1481.083
1481.083,N,0.597,N,1481.681
1481.681,N,0.653,N,1482.333
1482.333,N,0.678,N,1483.011
1483.011,N,0.669,N,1483.681
1483.681,N,0.653,N,1484.333
1484.333,N,0.625,N,1484.958
1484.958,N,0.619,N,1485.578
1485.578,N,0.594,N,1486.172
1486.172,N,0.628,N,1486.800
1486.800,N,0.597,N,1487.397
1487.397,N,0.631,N,1488.028
1488.028,N,0.661,N,1488.689
1488.689,N,0.650,N,1489.339
1489.339,N,0.642,N,1489.981
1489.981,N,0.611,N,1490.592
1490.592,N,0.636,N,1491.228
1491.228,N,0.639,N,1491.867
1491.867,N,0.614,N,1492.481
1492.481,N,0.617,N,1493.097
1493.097,N,0.600,N,1493.697
1493.697,N,0.633,N,1494.331
1494.331,N,0.658,N,1494.989
1494.989,N,0.661,N,1495.650
1495.650,N,0.647,N,1496.297
1496.297,N,0.639,N,1496.936
1496.936,N,0.619,N,1497.556
1497.556,N,0.625,N,1498.181
1498.181,N,0.619,N,1498.800
1498.800,N,0.608,N,1499.408
1499.408,N,0.664,N,1500.072
1500.072,N,0.667,N,1500.739
1500.739,N,0.667,N,1501.406
1501.406,N,0.653,N,1502.058
1502.058,N,0.544,A,1502.603
1502.603,A,0.717,N,1503.319
1503.319,N,0.642,N,1503.961
1503.961,N,0.622,N,1504.583
1504.583,N,0.628,N,1505.211
1505.211,N,0.453,A,1505.664
1505.664,A,0.758,N,1506.422
1506.422,N,0.675,N,1507.097
1507.097,N,0.678,N,1507.775
1507.775,N,0.658,N,1508.433
1508.433,N,0.633,N,1509.067
1509.067,N,0.628,N,1509.694
1509.694,N,0.619,N,1510.314
1510.314,N,0.614,N,1510.928
1510.928,N,0.600,N,1511.528
1511.528,N,0.653,N,1512.181
1512.181,N,0.667,N,1512.847
1512.847,N,0.661,N,1513.508
1513.508,N,0.644,N,1514.153
1514.153,N,0.633,N,1514.786
1514.786,N,0.636,N,1515.422
1515.422,N,0.497,A,1515.919
1515.919,A,0.711,N,1516.631
1516.631,N,0.628,N,1517.258
1517.258,N,0.639,N,1517.897
1517.897,N,0.658,N,1518.556
1518.556,N,0.667,N,1519.222
1519.222,N,0.669,N,1519.892
1519.892,N,0.653,N,1520.544
1520.544,N,0.653,N,1521.197
1521.197,N,0.653,N,1521.850
1521.850,N,0.633,N,1522.483
1522.483,N,0.617,N,1523.100
1523.100,N,0.603,N,1523.703
1523.703,N,0.678,N,1524.381
1524.381,N,0.689,N,1525.069
1525.069,N,0.664,N,1525.733
1525.733,N,0.653,N,1526.386
1526.386,N,0.522,A,1526.908
1526.908,A,0.736,N,1527.644
1527.644,N,0.639,N,1528.283
1528.283,N,0.639,N,1528.922
1528.922,N,0.417,A,1529.339
1529.339,A,0.600,N,1529.939
1529.939,N,0.478,A,1530.417
1530.417,A,0.422,A,1530.839
1530.839,A,0.414,A,1531.253
1531.253,A,0.411,A,1531.664
1531.664,A,0.411,A,1532.075
1532.075,A,0.428,A,1532.503
1532.503,A,0.603,N,1533.106
1533.106,N,0.808,N,1533.914
1533.914,N,0.647,N,1534.561
1534.561,N,0.608,N,1535.169
1535.169,N,0.600,N,1535.769
1535.769,N,0.650,N,1536.419
1536.419,N,0.647,N,1537.067
1537.067,N,0.644,N,1537.711
1537.711,N,0.644,N,1538.356
1538.356,N,0.617,N,1538.972
1538.972,N,0.619,N,1539.592
1539.592,N,0.597,N,1540.189
1540.189,N,0.622,N,1540.811
1540.811,N,0.614,N,1541.425
1541.425,N,0.639,N,1542.064
1542.064,N,0.542,A,1542.606
1542.606,A,0.753,N,1543.358
1543.358,N,0.669,N,1544.028
1544.028,N,0.650,N,1544.678
1544.678,N,0.639,N,1545.317
1545.317,N,0.642,N,1545.958
1545.958,N,0.644,N,1546.603
1546.603,N,0.611,N,1547.214
1547.214,N,0.500,A,1547.714
1547.714,A,0.742,N,1548.456
1548.456,N,0.675,N,1549.131
1549.131,N,0.678,N,1549.808
1549.808,N,0.644,N,1550.453
1550.453,N,0.639,N,1551.092
1551.092,N,0.614,N,1551.706
1551.706,N,0.625,N,1552.331
1552.331,N,0.586,N,1552.917
1552.917,N,0.628,N,1553.544
1553.544,N,0.658,N,1554.203
1554.203,N,0.681,N,1554.883
1554.883,N,0.661,N,1555.544
1555.544,N,0.511,A,1556.056
1556.056,A,0.722,N,1556.778
1556.778,N,0.644,N,1557.422
1557.422,N,0.631,N,1558.053
1558.053,N,0.542,A,1558.594
1558.594,A,0.672,N,1559.267
1559.267,N,0.625,N,1559.892
1559.892,N,0.658,N,1560.550
1560.550,N,0.675,N,1561.225
1561.225,N,0.664,N,1561.889
1561.889,N,0.661,N,1562.550
1562.550,N,0.653,N,1563.203
1563.203,N,0.642,N,1563.844
1563.844,N,0.647,N,1564.492
1564.492,N,0.619,N,1565.111
1565.111,N,0.619,N,1565.731
1565.731,N,0.686,N,1566.417
1566.417,N,0.675,N,1567.092
1567.092,N,0.672,N,1567.764
1567.764,N,0.633,N,1568.397
1568.397,N,0.639,N,1569.036
1569.036,N,0.650,N,1569.686
1569.686,N,0.500,A,1570.186
1570.186,A,0.722,N,1570.908
1570.908,N,0.625,N,1571.533
1571.533,N,0.644,N,1572.178
1572.178,N,0.469,A,1572.647
1572.647,A,0.733,N,1573.381
1573.381,N,0.681,N,1574.061
1574.061,N,0.647,N,1574.708
1574.708,N,0.642,N,1575.350
1575.350,N,0.633,N,1575.983
1575.983,N,0.617,N,1576.600
1576.600,N,0.614,N,1577.214
1577.214,N,0.614,N,1577.828
1577.828,N,0.606,N,1578.433
1578.433,N,0.717,N,1579.150
1579.150,N,0.664,N,1579.814
1579.814,N,0.650,N,1580.464
1580.464,N,0.644,N,1581.108
1581.108,N,0.622,N,1581.731
1581.731,N,0.619,N,1582.350
1582.350,N,0.644,N,1582.994
1582.994,N,0.614,N,1583.608
1583.608,N,0.650,N,1584.258
1584.258,N,0.650,N,1584.908
1584.908,N,0.661,N,1585.569
1585.569,N,0.661,N,1586.231
1586.231,N,0.625,N,1586.856
1586.856,N,0.653,N,1587.508
1587.508,N,0.647,N,1588.156
1588.156,N,0.622,N,1588.778
1588.778,N,0.592,N,1589.369
1589.369,N,0.631,N,1590.000
1590.000,N,0.656,N,1590.656
1590.656,N,0.628,N,1591.283
1591.283,N,0.697,N,1591.981
1591.981,N,0.633,N,1592.614
1592.614,N,0.622,N,1593.236
1593.236,N,0.622,N,1593.858
1593.858,N,0.625,N,1594.483
1594.483,N,0.617,N,1595.100
1595.100,N,0.614,N,1595.714
1595.714,N,0.653,N,1596.367
1596.367,N,0.503,A,1596.869
1596.869,A,0.783,N,1597.653
1597.653,N,0.661,N,1598.314
1598.314,N,0.636,N,1598.950
1598.950,N,0.650,N,1599.600
1599.600,N,0.636,N,1600.236
1600.236,N,0.625,N,1600.861
1600.861,N,0.586,N,1601.447
1601.447,N,0.647,N,1602.094
1602.094,N,0.553,N,1602.647
1602.647,N,0.725,N,1603.372
1603.372,N,0.656,N,1604.028
1604.028,N,0.628,N,1604.656
1604.656,N,0.458,A,1605.114
1605.114,A,0.625,N,1605.739
1605.739,N,0.614,N,1606.353
1606.353,N,0.592,N,1606.944
1606.944,N,0.581,N,1607.525
1607.525,N,0.633,N,1608.158
1608.158,N,0.631,N,1608.789
1608.789,N,0.644,N,1609.433
1609.433,N,0.628,N,1610.061
1610.061,N,0.597,N,1610.658
1610.658,N,0.617,N,1611.275
1611.275,N,0.597,N,1611.872
1611.872,N,0.600,N,1612.472
1612.472,N,0.600,N,1613.072
1613.072,N,0.575,N,1613.647
1613.647,N,0.625,N,1614.272
1614.272,N,0.622,N,1614.894
1614.894,N,0.567,N,1615.461
1615.461,N,0.700,N,1616.161
1616.161,N,0.625,N,1616.786
1616.786,N,0.611,N,1617.397
1617.397,N,0.589,N,1617.986
1617.986,N,0.492,A,1618.478
1618.478,A,0.672,N,1619.150
1619.150,N,0.586,N,1619.736
1619.736,N,0.639,N,1620.375
1620.375,N,0.647,N,1621.022
1621.022,N,0.636,N,1621.658
1621.658,N,0.622,N,1622.281
1622.281,N,0.603,N,1622.883
1622.883,N,0.603,N,1623.486
1623.486,N,0.603,N,1624.089
1624.089,N,0.606,N,1624.694
1624.694,N,0.575,N,1625.269
1625.269,N,0.606,N,1625.875
1625.875,N,0.619,N,1626.494
1626.494,N,0.631,N,1627.125
1627.125,N,0.647,N,1627.772
1627.772,N,0.617,N,1628.389
1628.389,N,0.628,N,1629.017
1629.017,N,0.619,N,1629.636
1629.636,N,0.550,N,1630.186
1630.186,N,0.653,N,1630.839
1630.839,N,0.572,N,1631.411
1631.411,N,0.631,N,1632.042
1632.042,N,0.661,N,1632.703
1632.703,N,0.572,N,1633.275
1633.275,N,0.717,N,1633.992
1633.992,N,0.619,N,1634.611
1634.611,N,0.628,N,1635.239
1635.239,N,0.614,N,1635.853
1635.853,N,0.594,N,1636.447
1636.447,N,0.608,N,1637.056
1637.056,N,0.597,N,1637.653
1637.653,N,0.631,N,1638.283
1638.283,N,0.631,N,1638.914
1638.914,N,0.631,N,1639.544
1639.544,N,0.628,N,1640.172
1640.172,N,0.611,N,1640.783
1640.783,N,0.558,N,1641.342
1641.342,N,0.664,N,1642.006
1642.006,N,0.608,N,1642.614
1642.614,N,0.589,N,1643.203
1643.203,N,0.578,N,1643.781
1643.781,N,0.586,N,1644.367
1644.367,N,0.675,N,1645.042
1645.042,N,0.642,N,1645.683
1645.683,N,0.633,N,1646.317
1646.317,N,0.600,N,1646.917
1646.917,N,0.606,N,1647.522
1647.522,N,0.583,N,1648.106
1648.106,N,0.597,N,1648.703
1648.703,N,0.592,N,1649.294
1649.294,N,0.608,N,1649.903
1649.903,N,0.636,N,1650.539
1650.539,N,0.628,N,1651.167
1651.167,N,0.653,N,1651.819
1651.819,N,0.622,N,1652.442
1652.442,N,0.614,N,1653.056
1653.056,N,0.617,N,1653.672
1653.672,N,0.594,N,1654.267
1654.267,N,0.603,N,1654.869
1654.869,N,0.547,N,1655.417
1655.417,N,0.594,N,1656.011
1656.011,N,0.600,N,1656.611
1656.611,N,0.617,N,1657.228
1657.228,N,0.619,N,1657.847
1657.847,N,0.592,N,1658.439
1658.439,N,0.594,N,1659.033
1659.033,N,0.569,N,1659.603
1659.603,N,0.567,N,1660.169
1660.169,N,0.572,N,1660.742
1660.742,N,0.547,N,1661.289
1661.289,N,0.583,N,1661.872
1661.872,N,0.592,N,1662.464
1662.464,N,0.525,A,1662.989
1662.989,A,0.672,N,1663.661
1663.661,N,0.606,N,1664.267
1664.267,N,0.567,N,1664.833
1664.833,N,0.581,N,1665.414
1665.414,N,0.586,N,1666.000
1666.000,N,0.578,N,1666.578
1666.578,N,0.581,N,1667.158
1667.158,N,0.561,N,1667.719
1667.719,N,0.614,N,1668.333
1668.333,N,0.622,N,1668.956
1668.956,N,0.631,N,1669.586
1669.586,N,0.628,N,1670.214
1670.214,N,0.439,A,1670.653
1670.653,A,0.683,N,1671.336
1671.336,N,0.614,N,1671.950
1671.950,N,0.606,N,1672.556
1672.556,N,0.583,N,1673.139
1673.139,N,0.575,N,1673.714
1673.714,N,0.619,N,1674.333
1674.333,N,0.642,N,1674.975
1674.975,N,0.628,N,1675.603
1675.603,N,0.533,N,1676.136
1676.136,N,0.647,N,1676.783
1676.783,N,0.603,N,1677.386
1677.386,N,0.594,N,1677.981
1677.981,N,0.431,A,1678.411
1678.411,A,0.686,N,1679.097
1679.097,N,0.600,N,1679.697
1679.697,N,0.608,N,1680.306
1680.306,N,0.636,N,1680.942
1680.942,N,0.608,N,1681.550
1681.550,N,0.631,N,1682.181
1682.181,N,0.625,N,1682.806
1682.806,N,0.511,A,1683.317
1683.317,A,0.686,N,1684.003
1684.003,N,0.597,N,1684.600
1684.600,N,0.608,N,1685.208
1685.208,N,0.589,N,1685.797
1685.797,N,0.622,N,1686.419
1686.419,N,0.656,N,1687.075
1687.075,N,0.639,N,1687.714
1687.714,N,0.628,N,1688.342
1688.342,N,0.600,N,1688.942
1688.942,N,0.603,N,1689.544
1689.544,N,0.589,N,1690.133
1690.133,N,0.597,N,1690.731
1690.731,N,0.556,N,1691.286
1691.286,N,0.625,N,1691.911
1691.911,N,0.619,N,1692.531
1692.531,N,0.606,N,1693.136
1693.136,N,0.500,A,1693.636
1693.636,A,0.692,N,1694.328
1694.328,N,0.611,N,1694.939
1694.939,N,0.617,N,1695.556
1695.556,N,0.617,N,1696.172
1696.172,N,0.617,N,1696.789
1696.789,N,0.586,N,1697.375
1697.375,N,0.603,N,1697.978
1697.978,N,0.633,N,1698.611
1698.611,N,0.525,A,1699.136
1699.136,A,0.744,N,1699.881
1699.881,N,0.619,N,1700.500
1700.500,N,0.608,N,1701.108
1701.108,N,0.594,N,1701.703
1701.703,N,0.586,N,1702.289
1702.289,N,0.594,N,1702.883
1702.883,N,0.558,N,1703.442
1703.442,N,0.589,N,1704.031
1704.031,N,0.644,N,1704.675
1704.675,N,0.614,N,1705.289
1705.289,N,0.619,N,1705.908
1705.908,N,0.594,N,1706.503
1706.503,N,0.472,A,1706.975
1706.975,A,0.675,N,1707.650
1707.650,N,0.617,N,1708.267
1708.267,N,0.606,N,1708.872
1708.872,N,0.567,N,1709.439
1709.439,N,0.608,N,1710.047
1710.047,N,0.628,N,1710.675
1710.675,N,0.633,N,1711.308
1711.308,N,0.647,N,1711.956
1711.956,N,0.622,N,1712.578
1712.578,N,0.642,N,1713.219
1713.219,N,0.611,N,1713.831
1713.831,N,0.428,A,1714.258
1714.258,A,0.578,N,1714.836
1714.836,N,0.453,A,1715.289
1715.289,A,0.397,A,1715.686
1715.686,A,0.417,A,1716.103
1716.103,A,0.428,A,1716.531
1716.531,A,0.592,N,1717.122
1717.122,N,0.514,A,1717.636
1717.636,A,0.425,A,1718.061
1718.061,A,0.414,A,1718.475
1718.475,A,0.583,A,1719.058
1719.058,A,0.486,A,1719.544
1719.544,A,0.394,A,1719.939
1719.939,A,0.400,A,1720.339
1720.339,A,0.400,A,1720.739
1720.739,A,0.394,A,1721.133
1721.133,A,0.367,A,1721.500
1721.500,A,0.400,A,1721.900
1721.900,A,0.425,A,1722.325
1722.325,A,0.422,A,1722.747
1722.747,A,0.581,N,1723.328
1723.328,N,0.817,N,1724.144
1724.144,N,0.650,N,1724.794
1724.794,N,0.622,N,1725.417
1725.417,N,0.544,N,1725.961
1725.961,N,0.611,N,1726.572
1726.572,N,0.589,N,1727.161
1727.161,N,0.581,N,1727.742
1727.742,N,0.475,A,1728.217
1728.217,A,0.717,N,1728.933
1728.933,N,0.686,N,1729.619
1729.619,N,0.639,N,1730.258
1730.258,N,0.625,N,1730.883
1730.883,N,0.622,N,1731.506
1731.506,N,0.636,N,1732.142
1732.142,N,0.642,N,1732.783
1732.783,N,0.550,A,1733.333
1733.333,A,0.678,N,1734.011
1734.011,N,0.661,N,1734.672
1734.672,N,0.667,N,1735.339
1735.339,N,0.667,N,1736.006
1736.006,N,0.656,N,1736.661
1736.661,N,0.656,N,1737.317
1737.317,N,0.650,N,1737.967
1737.967,N,0.628,N,1738.594
1738.594,N,0.628,N,1739.222
1739.222,N,0.622,N,1739.844
1739.844,N,0.683,N,1740.528
1740.528,N,0.703,N,1741.231
1741.231,N,0.533,A,1741.764
1741.764,A,0.778,N,1742.542
1742.542,N,0.675,N,1743.217
1743.217,N,0.672,N,1743.889
1743.889,N,0.644,N,1744.533
1744.533,N,0.653,N,1745.186
1745.186,N,0.644,N,1745.831
1745.831,N,0.669,N,1746.500
1746.500,N,0.542,A,1747.042
1747.042,A,0.783,N,1747.825
1747.825,N,0.675,N,1748.500
1748.500,N,0.678,N,1749.178
1749.178,N,0.653,N,1749.831
1749.831,N,0.658,N,1750.489
1750.489,N,0.636,N,1751.125
1751.125,N,0.628,N,1751.753
1751.753,N,0.672,N,1752.425
1752.425,N,0.700,N,1753.125
1753.125,N,0.686,N,1753.811
1753.811,N,0.667,N,1754.478
1754.478,N,0.464,A,1754.942
1754.942,A,0.567,A,1755.508
1755.508,A,0.467,A,1755.975
1755.975,A,0.392,A,1756.367
1756.367,A,0.394,A,1756.761
1756.761,A,0.397,A,1757.158
1757.158,A,0.397,A,1757.556
1757.556,A,0.603,N,1758.158
1758.158,N,0.861,N,1759.019
1759.019,N,0.675,N,1759.694
1759.694,N,0.658,N,1760.353
1760.353,N,0.644,N,1760.997
1760.997,N,0.644,N,1761.642
1761.642,N,0.642,N,1762.283
1762.283,N,0.550,N,1762.833
1762.833,N,0.683,N,1763.517
1763.517,N,0.653,N,1764.169
1764.169,N,0.675,N,1764.844
1764.844,N,0.689,N,1765.533
1765.533,N,0.678,N,1766.211
1766.211,N,0.642,N,1766.853
1766.853,N,0.650,N,1767.503
1767.503,N,0.597,N,1768.100
1768.100,N,0.650,N,1768.750
1768.750,N,0.608,N,1769.358
1769.358,N,0.656,N,1770.014
1770.014,N,0.669,N,1770.683
1770.683,N,0.669,N,1771.353
1771.353,N,0.661,N,1772.014
1772.014,N,0.644,N,1772.658
1772.658,N,0.650,N,1773.308
1773.308,N,0.644,N,1773.953
1773.953,N,0.644,N,1774.597
1774.597,N,0.639,N,1775.236
1775.236,N,0.614,N,1775.850
1775.850,N,0.519,A,1776.369
1776.369,A,0.783,N,1777.153
1777.153,N,0.686,N,1777.839
1777.839,N,0.664,N,1778.503
1778.503,N,0.661,N,1779.164
1779.164,N,0.650,N,1779.814
1779.814,N,0.642,N,1780.456
1780.456,N,0.636,N,1781.092
1781.092,N,0.631,N,1781.722
1781.722,N,0.692,N,1782.414
1782.414,N,0.694,N,1783.108
1783.108,N,0.703,N,1783.811
1783.811,N,0.664,N,1784.475
1784.475,N,0.575,N,1785.050
1785.050,N,0.722,N,1785.772
1785.772,N,0.636,N,1786.408
1786.408,N,0.644,N,1787.053
1787.053,N,0.636,N,1787.689
1787.689,N,0.653,N,1788.342
1788.342,N,0.675,N,1789.017
1789.017,N,0.642,N,1789.658
1789.658,N,0.547,N,1790.206
1790.206,N,0.739,N,1790.944
1790.944,N,0.636,N,1791.581
1791.581,N,0.628,N,1792.208
1792.208,N,0.444,A,1792.653
1792.653,A,0.689,N,1793.342
1793.342,N,0.658,N,1794.000
1794.000,N,0.653,N,1794.653
1794.653,N,0.681,N,1795.333
1795.333,N,0.678,N,1796.011
1796.011,N,0.642,N,1796.653
1796.653,N,0.664,N,1797.317
1797.317,N,0.642,N,1797.958
1797.958,N,0.494,A,1798.453
1798.453,A,0.761,N,1799.214
1799.214,N,0.639,N,1799.853
1799.853,N,0.686,N,1800.539
1800.539,N,0.669,N,1801.208
1801.208,N,0.661,N,1801.869
1801.869,N,0.664,N,1802.533
1802.533,N,0.658,N,1803.192
1803.192,N,0.661,N,1803.853
1803.853,N,0.667,N,1804.519
1804.519,N,0.639,N,1805.158
