313,315,321,336,344,680,194,348.5179817498658,N
315,321,336,344,324,680,194,348.5179817498658,N
321,336,344,324,313,680,194,348.5179817498658,N
336,344,324,313,313,680,194,348.5179817498658,N
344,324,313,313,310,680,194,348.5179817498658,N
324,313,313,310,329,680,194,348.5179817498658,N
313,313,310,329,330,680,194,348.5179817498658,N
313,310,329,330,329,680,194,348.5179817498658,N
310,329,330,329,323,680,194,348.5179817498658,N
329,330,329,323,326,680,194,348.5179817498658,N
330,329,323,326,319,680,194,348.5179817498658,N
329,323,326,319,313,680,194,348.5179817498658,N
323,326,319,313,328,680,194,348.5179817498658,N
326,319,313,328,329,680,194,348.5179817498658,N
319,313,328,329,325,680,194,348.5179817498658,N
313,328,329,325,305,680,194,348.5179817498658,N
328,329,325,305,302,680,194,348.5179817498658,N
329,325,305,302,313,680,194,348.5179817498658,N
325,305,302,313,320,680,194,348.5179817498658,N
305,302,313,320,323,680,194,348.5179817498658,N
302,313,320,323,319,680,194,348.5179817498658,N
313,320,323,319,309,680,194,348.5179817498658,N
320,323,319,309,307,680,194,348.5179817498658,N
323,319,309,307,305,680,194,348.5179817498658,N
319,309,307,305,295,680,194,348.5179817498658,N
309,307,305,295,307,680,194,348.5179817498658,N
307,305,295,307,325,680,194,348.5179817498658,N
305,295,307,325,328,680,194,348.5179817498658,N
295,307,325,328,309,680,194,348.5179817498658,N
307,325,328,309,302,680,194,348.5179817498658,N
325,328,309,302,293,680,194,348.5179817498658,N
328,309,302,293,285,680,194,348.5179817498658,N
309,302,293,285,290,680,194,348.5179817498658,N
302,293,285,290,290,680,194,348.5179817498658,N
293,285,290,290,288,680,194,348.5179817498658,N
285,290,290,288,283,680,194,348.5179817498658,N
290,290,288,283,290,680,194,348.5179817498658,N
290,288,283,290,272,680,194,348.5179817498658,N
288,283,290,272,274,680,194,348.5179817498658,N
283,290,272,274,283,680,194,348.5179817498658,N
290,272,274,283,290,680,194,348.5179817498658,N
272,274,283,290,303,680,194,348.5179817498658,N
274,283,290,303,307,680,194,348.5179817498658,N
283,290,303,307,283,680,194,348.5179817498658,N
290,303,307,283,272,680,194,348.5179817498658,N
303,307,283,272,279,680,194,348.5179817498658,N
307,283,272,279,286,680,194,348.5179817498658,N
283,272,279,286,291,680,194,348.5179817498658,N
272,279,286,291,300,680,194,348.5179817498658,N
279,286,291,300,304,680,194,348.5179817498658,N
286,291,300,304,301,680,194,348.5179817498658,N
291,300,304,301,294,680,194,348.5179817498658,N
300,304,301,294,282,680,194,348.5179817498658,N
304,301,294,282,282,680,194,348.5179817498658,N
301,294,282,282,285,680,194,348.5179817498658,N
294,282,282,285,297,680,194,348.5179817498658,N
282,282,285,297,291,680,194,348.5179817498658,N
282,285,297,291,290,680,194,348.5179817498658,N
285,297,291,290,290,680,194,348.5179817498658,N
297,291,290,290,291,680,194,348.5179817498658,N
291,290,290,291,302,680,194,348.5179817498658,N
290,290,291,302,313,680,194,348.5179817498658,N
290,291,302,313,320,680,194,348.5179817498658,N
291,302,313,320,329,680,194,348.5179817498658,N
302,313,320,329,344,680,194,348.5179817498658,N
313,320,329,344,332,680,194,348.5179817498658,N
320,329,344,332,310,680,194,348.5179817498658,N
329,344,332,310,322,680,194,348.5179817498658,N
344,332,310,322,321,680,194,348.5179817498658,N
332,310,322,321,331,680,194,348.5179817498658,N
310,322,321,331,344,680,194,348.5179817498658,N
322,321,331,344,331,680,194,348.5179817498658,N
321,331,344,331,317,680,194,348.5179817498658,N
331,344,331,317,316,680,194,348.5179817498658,N
344,331,317,316,314,680,194,348.5179817498658,N
331,317,316,314,316,680,194,348.5179817498658,N
317,316,314,316,320,680,194,348.5179817498658,N
316,314,316,320,334,680,194,348.5179817498658,N
314,316,320,334,330,680,194,348.5179817498658,N
316,320,334,330,304,680,194,348.5179817498658,N
320,334,330,304,302,680,194,348.5179817498658,N
334,330,304,302,327,680,194,348.5179817498658,N
330,304,302,327,330,680,194,348.5179817498658,N
304,302,327,330,336,680,194,348.5179817498658,N
302,327,330,336,318,680,194,348.5179817498658,N
327,330,336,318,313,680,194,348.5179817498658,N
330,336,318,313,309,680,194,348.5179817498658,N
336,318,313,309,316,680,194,348.5179817498658,N
318,313,309,316,302,680,194,348.5179817498658,N
313,309,316,302,294,680,194,348.5179817498658,N
309,316,302,294,312,680,194,348.5179817498658,N
316,302,294,312,315,680,194,348.5179817498658,N
302,294,312,315,306,680,194,348.5179817498658,N
294,312,315,306,299,680,194,348.5179817498658,N
312,315,306,299,301,680,194,348.5179817498658,N
315,306,299,301,297,680,194,348.5179817498658,N
306,299,301,297,325,680,194,348.5179817498658,N
299,301,297,325,324,680,194,348.5179817498658,N
301,297,325,324,313,680,194,348.5179817498658,N
297,325,324,313,315,680,194,348.5179817498658,N
325,324,313,315,303,680,194,348.5179817498658,N
324,313,315,303,301,680,194,348.5179817498658,N
313,315,303,301,299,680,194,348.5179817498658,N
315,303,301,299,302,680,194,348.5179817498658,N
303,301,299,302,310,680,194,348.5179817498658,N
301,299,302,310,315,680,194,348.5179817498658,N
299,302,310,315,299,680,194,348.5179817498658,N
302,310,315,299,288,680,194,348.5179817498658,N
310,315,299,288,301,680,194,348.5179817498658,N
315,299,288,301,308,680,194,348.5179817498658,N
299,288,301,308,310,680,194,348.5179817498658,N
288,301,308,310,314,680,194,348.5179817498658,N
301,308,310,314,305,680,194,348.5179817498658,N
308,310,314,305,312,680,194,348.5179817498658,N
310,314,305,312,308,680,194,348.5179817498658,N
314,305,312,308,304,680,194,348.5179817498658,N
305,312,308,304,309,680,194,348.5179817498658,N
312,308,304,309,323,680,194,348.5179817498658,N
308,304,309,323,326,680,194,348.5179817498658,N
304,309,323,326,331,680,194,348.5179817498658,N
309,323,326,331,318,680,194,348.5179817498658,N
323,326,331,318,311,680,194,348.5179817498658,N
326,331,318,311,317,680,194,348.5179817498658,N
331,318,311,317,316,680,194,348.5179817498658,N
318,311,317,316,321,680,194,348.5179817498658,N
311,317,316,321,327,680,194,348.5179817498658,N
317,316,321,327,328,680,194,348.5179817498658,N
316,321,327,328,308,680,194,348.5179817498658,N
321,327,328,308,289,680,194,348.5179817498658,N
327,328,308,289,278,680,194,348.5179817498658,N
328,308,289,278,286,680,194,348.5179817498658,N
308,289,278,286,297,680,194,348.5179817498658,N
289,278,286,297,295,680,194,348.5179817498658,N
278,286,297,295,293,680,194,348.5179817498658,N
286,297,295,293,276,680,194,348.5179817498658,N
297,295,293,276,278,680,194,348.5179817498658,N
295,293,276,278,278,680,194,348.5179817498658,N
293,276,278,278,270,680,194,348.5179817498658,N
276,278,278,270,279,680,194,348.5179817498658,N
278,278,270,279,292,680,194,348.5179817498658,N
278,270,279,292,289,680,194,348.5179817498658,N
270,279,292,289,301,680,194,348.5179817498658,N
279,292,289,301,293,680,194,348.5179817498658,N
292,289,301,293,283,680,194,348.5179817498658,N
289,301,293,283,286,680,194,348.5179817498658,N
301,293,283,286,299,680,194,348.5179817498658,N
293,283,286,299,302,680,194,348.5179817498658,N
283,286,299,302,310,680,194,348.5179817498658,N
286,299,302,310,310,680,194,348.5179817498658,N
299,302,310,310,299,680,194,348.5179817498658,N
302,310,310,299,296,680,194,348.5179817498658,N
310,310,299,296,289,680,194,348.5179817498658,N
310,299,296,289,284,680,194,348.5179817498658,N
299,296,289,284,289,680,194,348.5179817498658,N
296,289,284,289,304,680,194,348.5179817498658,N
289,284,289,304,304,680,194,348.5179817498658,N
284,289,304,304,297,680,194,348.5179817498658,N
289,304,304,297,277,680,194,348.5179817498658,N
304,304,297,277,279,680,194,348.5179817498658,N
304,297,277,279,270,680,194,348.5179817498658,N
297,277,279,270,279,680,194,348.5179817498658,N
277,279,270,279,289,680,194,348.5179817498658,N
279,270,279,289,298,680,194,348.5179817498658,N
270,279,289,298,286,680,194,348.5179817498658,N
279,289,298,286,287,680,194,348.5179817498658,N
289,298,286,287,278,680,194,348.5179817498658,N
298,286,287,278,274,680,194,348.5179817498658,N
286,287,278,274,273,680,194,348.5179817498658,N
287,278,274,273,282,680,194,348.5179817498658,N
278,274,273,282,293,680,194,348.5179817498658,N
274,273,282,293,294,680,194,348.5179817498658,N
273,282,293,294,286,680,194,348.5179817498658,N
282,293,294,286,280,680,194,348.5179817498658,N
293,294,286,280,274,680,194,348.5179817498658,N
294,286,280,274,296,680,194,348.5179817498658,N
286,280,274,296,297,680,194,348.5179817498658,N
280,274,296,297,293,680,194,348.5179817498658,N
274,296,297,293,298,680,194,348.5179817498658,N
296,297,293,298,305,680,194,348.5179817498658,N
297,293,298,305,301,680,194,348.5179817498658,N
293,298,305,301,296,680,194,348.5179817498658,N
298,305,301,296,300,680,194,348.5179817498658,N
305,301,296,300,311,680,194,348.5179817498658,N
301,296,300,311,334,680,194,348.5179817498658,N
296,300,311,334,340,680,194,348.5179817498658,N
300,311,334,340,336,680,194,348.5179817498658,N
311,334,340,336,317,680,194,348.5179817498658,N
334,340,336,317,297,680,194,348.5179817498658,N
340,336,317,297,303,680,194,348.5179817498658,N
336,317,297,303,321,680,194,348.5179817498658,N
317,297,303,321,324,680,194,348.5179817498658,N
297,303,321,324,332,680,194,348.5179817498658,N
303,321,324,332,334,680,194,348.5179817498658,N
321,324,332,334,321,680,194,348.5179817498658,N
324,332,334,321,307,680,194,348.5179817498658,N
332,334,321,307,305,680,194,348.5179817498658,N
334,321,307,305,306,680,194,348.5179817498658,N
321,307,305,306,332,680,194,348.5179817498658,N
307,305,306,332,331,680,194,348.5179817498658,N
305,306,332,331,301,680,194,348.5179817498658,N
306,332,331,301,313,680,194,348.5179817498658,N
332,331,301,313,322,680,194,348.5179817498658,N
331,301,313,322,321,680,194,348.5179817498658,N
301,313,322,321,316,680,194,348.5179817498658,N
313,322,321,316,336,680,194,348.5179817498658,N
322,321,316,336,325,680,194,348.5179817498658,N
321,316,336,325,335,680,194,348.5179817498658,N
316,336,325,335,302,680,194,348.5179817498658,N
336,325,335,302,316,680,194,348.5179817498658,N
325,335,302,316,331,680,194,348.5179817498658,N
335,302,316,331,330,680,194,348.5179817498658,N
302,316,331,330,319,680,194,348.5179817498658,N
316,331,330,319,339,680,194,348.5179817498658,N
331,330,319,339,326,680,194,348.5179817498658,N
330,319,339,326,308,680,194,348.5179817498658,N
319,339,326,308,312,680,194,348.5179817498658,N
339,326,308,312,322,680,194,348.5179817498658,N
326,308,312,322,332,680,194,348.5179817498658,N
308,312,322,332,341,680,194,348.5179817498658,N
312,322,332,341,325,680,194,348.5179817498658,N
322,332,341,325,306,680,194,348.5179817498658,N
332,341,325,306,310,680,194,348.5179817498658,N
341,325,306,310,311,680,194,348.5179817498658,N
325,306,310,311,325,680,194,348.5179817498658,N
306,310,311,325,335,680,194,348.5179817498658,N
310,311,325,335,335,680,194,348.5179817498658,N
311,325,335,335,336,680,194,348.5179817498658,N
325,335,335,336,312,680,194,348.5179817498658,N
335,335,336,312,310,680,194,348.5179817498658,N
335,336,312,310,311,680,194,348.5179817498658,N
336,312,310,311,329,680,194,348.5179817498658,N
312,310,311,329,330,680,194,348.5179817498658,N
310,311,329,330,322,680,194,348.5179817498658,N
311,329,330,322,305,680,194,348.5179817498658,N
329,330,322,305,293,680,194,348.5179817498658,N
330,322,305,293,312,680,194,348.5179817498658,N
322,305,293,312,317,680,194,348.5179817498658,N
305,293,312,317,327,680,194,348.5179817498658,N
293,312,317,327,340,680,194,348.5179817498658,N
312,317,327,340,317,680,194,348.5179817498658,N
317,327,340,317,324,680,194,348.5179817498658,N
327,340,317,324,317,680,194,348.5179817498658,N
340,317,324,317,313,680,194,348.5179817498658,N
317,324,317,313,326,680,194,348.5179817498658,N
324,317,313,326,338,680,194,348.5179817498658,N
317,313,326,338,330,680,194,348.5179817498658,N
313,326,338,330,337,680,194,348.5179817498658,N
326,338,330,337,329,680,194,348.5179817498658,N
338,330,337,329,320,680,194,348.5179817498658,N
330,337,329,320,327,680,194,348.5179817498658,N
337,329,320,327,341,680,194,348.5179817498658,N
329,320,327,341,344,680,194,348.5179817498658,N
320,327,341,344,357,680,194,348.5179817498658,N
327,341,344,357,337,680,194,348.5179817498658,N
341,344,357,337,308,680,194,348.5179817498658,N
344,357,337,308,303,680,194,348.5179817498658,N
357,337,308,303,309,680,194,348.5179817498658,N
337,308,303,309,334,680,194,348.5179817498658,N
308,303,309,334,345,680,194,348.5179817498658,N
303,309,334,345,338,680,194,348.5179817498658,N
309,334,345,338,323,680,194,348.5179817498658,N
334,345,338,323,330,680,194,348.5179817498658,N
345,338,323,330,330,680,194,348.5179817498658,N
338,323,330,330,334,680,194,348.5179817498658,N
323,330,330,334,326,680,194,348.5179817498658,N
330,330,334,326,344,680,194,348.5179817498658,N
330,334,326,344,341,680,194,348.5179817498658,N
334,326,344,341,309,680,194,348.5179817498658,N
326,344,341,309,308,680,194,348.5179817498658,N
344,341,309,308,337,680,194,348.5179817498658,N
341,309,308,337,346,680,194,348.5179817498658,N
309,308,337,346,334,680,194,348.5179817498658,N
308,337,346,334,316,680,194,348.5179817498658,N
337,346,334,316,304,680,194,348.5179817498658,N
346,334,316,304,311,680,194,348.5179817498658,N
334,316,304,311,309,680,194,348.5179817498658,N
316,304,311,309,313,680,194,348.5179817498658,N
304,311,309,313,349,680,194,348.5179817498658,N
311,309,313,349,346,680,194,348.5179817498658,N
309,313,349,346,338,680,194,348.5179817498658,N
313,349,346,338,329,680,194,348.5179817498658,N
349,346,338,329,332,680,194,348.5179817498658,N
346,338,329,332,346,680,194,348.5179817498658,N
338,329,332,346,354,680,194,348.5179817498658,N
329,332,346,354,361,680,194,348.5179817498658,N
332,346,354,361,339,680,194,348.5179817498658,N
346,354,361,339,338,680,194,348.5179817498658,N
354,361,339,338,332,680,194,348.5179817498658,N
361,339,338,332,328,680,194,348.5179817498658,N
339,338,332,328,346,680,194,348.5179817498658,N
338,332,328,346,351,680,194,348.5179817498658,N
332,328,346,351,354,680,194,348.5179817498658,N
328,346,351,354,343,680,194,348.5179817498658,N
346,351,354,343,340,680,194,348.5179817498658,N
351,354,343,340,340,680,194,348.5179817498658,N
354,343,340,340,346,680,194,348.5179817498658,N
343,340,340,346,340,680,194,348.5179817498658,N
340,340,346,340,360,680,194,348.5179817498658,N
340,346,340,360,352,680,194,348.5179817498658,N
346,340,360,352,330,680,194,348.5179817498658,N
340,360,352,330,329,680,194,348.5179817498658,N
360,352,330,329,336,680,194,348.5179817498658,N
352,330,329,336,363,680,194,348.5179817498658,N
330,329,336,363,362,680,194,348.5179817498658,N
329,336,363,362,352,680,194,348.5179817498658,N
336,363,362,352,343,680,194,348.5179817498658,N
363,362,352,343,328,680,194,348.5179817498658,N
362,352,343,328,338,680,194,348.5179817498658,N
352,343,328,338,340,680,194,348.5179817498658,N
343,328,338,340,357,680,194,348.5179817498658,N
328,338,340,357,365,680,194,348.5179817498658,N
338,340,357,365,346,680,194,348.5179817498658,N
340,357,365,346,334,680,194,348.5179817498658,N
357,365,346,334,324,680,194,348.5179817498658,N
365,346,334,324,345,680,194,348.5179817498658,N
346,334,324,345,361,680,194,348.5179817498658,N
334,324,345,361,364,680,194,348.5179817498658,N
324,345,361,364,340,680,194,348.5179817498658,N
345,361,364,340,345,680,194,348.5179817498658,N
361,364,340,345,342,680,194,348.5179817498658,N
364,340,345,342,343,680,194,348.5179817498658,N
340,345,342,343,369,680,194,348.5179817498658,N
345,342,343,369,372,680,194,348.5179817498658,N
342,343,369,372,358,680,194,348.5179817498658,N
343,369,372,358,326,680,194,348.5179817498658,N
369,372,358,326,329,680,194,348.5179817498658,N
372,358,326,329,338,680,194,348.5179817498658,N
358,326,329,338,335,680,194,348.5179817498658,N
326,329,338,335,316,680,194,348.5179817498658,N
329,338,335,316,333,680,194,348.5179817498658,N
338,335,316,333,320,680,194,348.5179817498658,N
335,316,333,320,330,680,194,348.5179817498658,N
316,333,320,330,323,680,194,348.5179817498658,N
333,320,330,323,337,680,194,348.5179817498658,N
320,330,323,337,366,680,194,348.5179817498658,N
330,323,337,366,359,680,194,348.5179817498658,N
323,337,366,359,351,680,194,348.5179817498658,N
337,366,359,351,335,680,194,348.5179817498658,N
366,359,351,335,321,680,194,348.5179817498658,N
359,351,335,321,344,680,194,348.5179817498658,N
351,335,321,344,356,680,194,348.5179817498658,N
335,321,344,356,360,680,194,348.5179817498658,N
321,344,356,360,364,680,194,348.5179817498658,N
344,356,360,364,348,680,194,348.5179817498658,N
356,360,364,348,345,680,194,348.5179817498658,N
360,364,348,345,356,680,194,348.5179817498658,N
364,348,345,356,363,680,194,348.5179817498658,N
348,345,356,363,381,680,194,348.5179817498658,N
345,356,363,381,374,680,194,348.5179817498658,N
356,363,381,374,357,680,194,348.5179817498658,N
363,381,374,357,358,680,194,348.5179817498658,N
381,374,357,358,365,680,194,348.5179817498658,N
374,357,358,365,370,680,194,348.5179817498658,N
357,358,365,370,370,680,194,348.5179817498658,N
358,365,370,370,369,680,194,348.5179817498658,N
365,370,370,369,351,680,194,348.5179817498658,N
370,370,369,351,357,680,194,348.5179817498658,N
370,369,351,357,680,680,194,348.5179817498658,N
351,357,680,349,345,680,194,348.5179817498658,N
357,680,349,345,333,680,194,348.5179817498658,N
680,349,345,333,329,680,194,348.5179817498658,N
349,345,333,329,335,680,194,348.5179817498658,N
345,333,329,335,346,680,194,348.5179817498658,N
333,329,335,346,365,680,194,348.5179817498658,N
329,335,346,365,368,680,194,348.5179817498658,N
335,346,365,368,341,680,194,348.5179817498658,N
346,365,368,341,324,680,194,348.5179817498658,N
365,368,341,324,335,680,194,348.5179817498658,N
368,341,324,335,333,680,194,348.5179817498658,N
341,324,335,333,326,680,194,348.5179817498658,N
324,335,333,326,331,680,194,348.5179817498658,N
335,333,326,331,321,680,194,348.5179817498658,N
333,326,331,321,325,680,194,348.5179817498658,N
326,331,321,325,310,680,194,348.5179817498658,N
331,321,325,310,302,680,194,348.5179817498658,N
321,325,310,302,331,680,194,348.5179817498658,N
325,310,302,331,355,680,194,348.5179817498658,N
310,302,331,355,356,680,194,348.5179817498658,N
302,331,355,356,343,680,194,348.5179817498658,N
331,355,356,343,330,680,194,348.5179817498658,N
355,356,343,330,348,680,194,348.5179817498658,N
356,343,330,348,356,680,194,348.5179817498658,N
343,330,348,356,357,680,194,348.5179817498658,N
330,348,356,357,357,680,194,348.5179817498658,N
348,356,357,357,340,680,194,348.5179817498658,N
356,357,357,340,330,680,194,348.5179817498658,N
357,357,340,330,326,680,194,348.5179817498658,N
357,340,330,326,338,680,194,348.5179817498658,N
340,330,326,338,365,680,194,348.5179817498658,N
330,326,338,365,361,680,194,348.5179817498658,N
326,338,365,361,345,680,194,348.5179817498658,N
338,365,361,345,338,680,194,348.5179817498658,N
365,361,345,338,332,680,194,348.5179817498658,N
361,345,338,332,322,680,194,348.5179817498658,N
345,338,332,322,341,680,194,348.5179817498658,N
338,332,322,341,354,680,194,348.5179817498658,N
332,322,341,354,367,680,194,348.5179817498658,N
322,341,354,367,342,680,194,348.5179817498658,N
341,354,367,342,313,680,194,348.5179817498658,N
354,367,342,313,326,680,194,348.5179817498658,N
367,342,313,326,316,680,194,348.5179817498658,N
342,313,326,316,340,680,194,348.5179817498658,N
313,326,316,340,330,680,194,348.5179817498658,N
326,316,340,330,328,680,194,348.5179817498658,N
316,340,330,328,310,680,194,348.5179817498658,N
340,330,328,310,309,680,194,348.5179817498658,N
330,328,310,309,310,680,194,348.5179817498658,N
328,310,309,310,335,680,194,348.5179817498658,N
310,309,310,335,362,680,194,348.5179817498658,N
309,310,335,362,376,680,194,348.5179817498658,N
310,335,362,376,369,680,194,348.5179817498658,N
335,362,376,369,347,680,194,348.5179817498658,N
362,376,369,347,356,680,194,348.5179817498658,N
376,369,347,356,384,680,194,348.5179817498658,N
369,347,356,384,194,680,194,348.5179817498658,N
347,356,384,194,426,680,194,348.5179817498658,N
356,384,194,426,362,680,194,348.5179817498658,N
384,194,426,362,347,680,194,348.5179817498658,A
194,426,362,347,351,680,194,348.5179817498658,N
426,362,347,351,352,680,194,348.5179817498658,N
362,347,351,352,370,680,194,348.5179817498658,N
347,351,352,370,380,680,194,348.5179817498658,N
351,352,370,380,345,680,194,348.5179817498658,N
352,370,380,345,349,680,194,348.5179817498658,N
370,380,345,349,353,680,194,348.5179817498658,N
380,345,349,353,376,680,194,348.5179817498658,N
345,349,353,376,379,680,194,348.5179817498658,N
349,353,376,379,374,680,194,348.5179817498658,N
353,376,379,374,370,680,194,348.5179817498658,N
376,379,374,370,342,680,194,348.5179817498658,N
379,374,370,342,351,680,194,348.5179817498658,N
374,370,342,351,368,680,194,348.5179817498658,N
370,342,351,368,379,680,194,348.5179817498658,N
342,351,368,379,378,680,194,348.5179817498658,N
351,368,379,378,359,680,194,348.5179817498658,N
368,379,378,359,338,680,194,348.5179817498658,N
379,378,359,338,359,680,194,348.5179817498658,N
378,359,338,359,373,680,194,348.5179817498658,N
359,338,359,373,380,680,194,348.5179817498658,N
338,359,373,380,380,680,194,348.5179817498658,N
359,373,380,380,368,680,194,348.5179817498658,N
373,380,380,368,348,680,194,348.5179817498658,N
380,380,368,348,351,680,194,348.5179817498658,N
380,368,348,351,371,680,194,348.5179817498658,N
368,348,351,371,371,680,194,348.5179817498658,N
348,351,371,371,355,680,194,348.5179817498658,N
351,371,371,355,357,680,194,348.5179817498658,N
371,371,355,357,354,680,194,348.5179817498658,N
371,355,357,354,356,680,194,348.5179817498658,N
355,357,354,356,380,680,194,348.5179817498658,N
357,354,356,380,384,680,194,348.5179817498658,N
354,356,380,384,376,680,194,348.5179817498658,N
356,380,384,376,355,680,194,348.5179817498658,N
380,384,376,355,355,680,194,348.5179817498658,N
384,376,355,355,360,680,194,348.5179817498658,N
376,355,355,360,378,680,194,348.5179817498658,N
355,355,360,378,390,680,194,348.5179817498658,N
355,360,378,390,363,680,194,348.5179817498658,N
360,378,390,363,355,680,194,348.5179817498658,N
378,390,363,355,362,680,194,348.5179817498658,N
390,363,355,362,363,680,194,348.5179817498658,N
363,355,362,363,378,680,194,348.5179817498658,N
355,362,363,378,391,680,194,348.5179817498658,N
362,363,378,391,382,680,194,348.5179817498658,N
363,378,391,382,355,680,194,348.5179817498658,N
378,391,382,355,362,680,194,348.5179817498658,N
391,382,355,362,384,680,194,348.5179817498658,N
382,355,362,384,378,680,194,348.5179817498658,N
355,362,384,378,379,680,194,348.5179817498658,N
362,384,378,379,376,680,194,348.5179817498658,N
384,378,379,376,360,680,194,348.5179817498658,N
378,379,376,360,350,680,194,348.5179817498658,N
379,376,360,350,368,680,194,348.5179817498658,N
376,360,350,368,389,680,194,348.5179817498658,N
360,350,368,389,379,680,194,348.5179817498658,N
350,368,389,379,349,680,194,348.5179817498658,N
368,389,379,349,356,680,194,348.5179817498658,N
389,379,349,356,357,680,194,348.5179817498658,N
379,349,356,357,370,680,194,348.5179817498658,N
349,356,357,370,363,680,194,348.5179817498658,N
356,357,370,363,371,680,194,348.5179817498658,N
357,370,363,371,377,680,194,348.5179817498658,N
370,363,371,377,350,680,194,348.5179817498658,N
363,371,377,350,357,680,194,348.5179817498658,N
371,377,350,357,378,680,194,348.5179817498658,N
377,350,357,378,383,680,194,348.5179817498658,N
350,357,378,383,383,680,194,348.5179817498658,N
357,378,383,383,370,680,194,348.5179817498658,N
378,383,383,370,368,680,194,348.5179817498658,N
383,383,370,368,364,680,194,348.5179817498658,N
383,370,368,364,385,680,194,348.5179817498658,N
370,368,364,385,391,680,194,348.5179817498658,N
368,364,385,391,377,680,194,348.5179817498658,N
364,385,391,377,361,680,194,348.5179817498658,N
385,391,377,361,359,680,194,348.5179817498658,N
391,377,361,359,361,680,194,348.5179817498658,N
377,361,359,361,388,680,194,348.5179817498658,N
361,359,361,388,391,680,194,348.5179817498658,N
359,361,388,391,371,680,194,348.5179817498658,N
361,388,391,371,355,680,194,348.5179817498658,N
388,391,371,355,362,680,194,348.5179817498658,N
391,371,355,362,373,680,194,348.5179817498658,N
371,355,362,373,361,680,194,348.5179817498658,N
355,362,373,361,376,680,194,348.5179817498658,N
362,373,361,376,359,680,194,348.5179817498658,N
373,361,376,359,339,680,194,348.5179817498658,N
361,376,359,339,325,680,194,348.5179817498658,N
376,359,339,325,338,680,194,348.5179817498658,N
359,339,325,338,373,680,194,348.5179817498658,N
339,325,338,373,364,680,194,348.5179817498658,N
325,338,373,364,353,680,194,348.5179817498658,N
338,373,364,353,363,680,194,348.5179817498658,N
373,364,353,363,348,680,194,348.5179817498658,N
364,353,363,348,346,680,194,348.5179817498658,N
353,363,348,346,364,680,194,348.5179817498658,N
363,348,346,364,370,680,194,348.5179817498658,N
348,346,364,370,373,680,194,348.5179817498658,N
346,364,370,373,346,680,194,348.5179817498658,N
364,370,373,346,338,680,194,348.5179817498658,N
370,373,346,338,371,680,194,348.5179817498658,N
373,346,338,371,387,680,194,348.5179817498658,N
346,338,371,387,368,680,194,348.5179817498658,N
338,371,387,368,378,680,194,348.5179817498658,N
371,387,368,378,359,680,194,348.5179817498658,N
387,368,378,359,353,680,194,348.5179817498658,N
368,378,359,353,369,680,194,348.5179817498658,N
378,359,353,369,372,680,194,348.5179817498658,N
359,353,369,372,378,680,194,348.5179817498658,N
353,369,372,378,368,680,194,348.5179817498658,N
369,372,378,368,346,680,194,348.5179817498658,N
372,378,368,346,319,680,194,348.5179817498658,N
378,368,346,319,333,680,194,348.5179817498658,N
368,346,319,333,358,680,194,348.5179817498658,N
346,319,333,358,364,680,194,348.5179817498658,N
319,333,358,364,378,680,194,348.5179817498658,N
333,358,364,378,360,680,194,348.5179817498658,N
358,364,378,360,346,680,194,348.5179817498658,N
364,378,360,346,378,680,194,348.5179817498658,N
378,360,346,378,383,680,194,348.5179817498658,N
360,346,378,383,378,680,194,348.5179817498658,N
346,378,383,378,367,680,194,348.5179817498658,N
378,383,378,367,349,680,194,348.5179817498658,N
383,378,367,349,351,680,194,348.5179817498658,N
378,367,349,351,345,680,194,348.5179817498658,N
367,349,351,345,346,680,194,348.5179817498658,N
349,351,345,346,341,680,194,348.5179817498658,N
351,345,346,341,351,680,194,348.5179817498658,N
345,346,341,351,342,680,194,348.5179817498658,N
346,341,351,342,338,680,194,348.5179817498658,N
341,351,342,338,343,680,194,348.5179817498658,N
351,342,338,343,358,680,194,348.5179817498658,N
342,338,343,358,351,680,194,348.5179817498658,N
338,343,358,351,337,680,194,348.5179817498658,N
343,358,351,337,328,680,194,348.5179817498658,N
358,351,337,328,331,680,194,348.5179817498658,N
351,337,328,331,337,680,194,348.5179817498658,N
337,328,331,337,356,680,194,348.5179817498658,N
328,331,337,356,360,680,194,348.5179817498658,N
331,337,356,360,364,680,194,348.5179817498658,N
337,356,360,364,325,680,194,348.5179817498658,N
356,360,364,325,313,680,194,348.5179817498658,N
360,364,325,313,322,680,194,348.5179817498658,N
364,325,313,322,330,680,194,348.5179817498658,N
325,313,322,330,351,680,194,348.5179817498658,N
313,322,330,351,350,680,194,348.5179817498658,N
322,330,351,350,339,680,194,348.5179817498658,N
330,351,350,339,336,680,194,348.5179817498658,N
351,350,339,336,327,680,194,348.5179817498658,N
350,339,336,327,319,680,194,348.5179817498658,N
339,336,327,319,344,680,194,348.5179817498658,N
336,327,319,344,354,680,194,348.5179817498658,N
327,319,344,354,356,680,194,348.5179817498658,N
319,344,354,356,327,680,194,348.5179817498658,N
344,354,356,327,323,680,194,348.5179817498658,N
354,356,327,323,332,680,194,348.5179817498658,N
356,327,323,332,339,680,194,348.5179817498658,N
327,323,332,339,348,680,194,348.5179817498658,N
323,332,339,348,344,680,194,348.5179817498658,N
332,339,348,344,336,680,194,348.5179817498658,N
339,348,344,336,337,680,194,348.5179817498658,N
348,344,336,337,331,680,194,348.5179817498658,N
344,336,337,331,332,680,194,348.5179817498658,N
336,337,331,332,351,680,194,348.5179817498658,N
337,331,332,351,368,680,194,348.5179817498658,N
331,332,351,368,361,680,194,348.5179817498658,N
332,351,368,361,337,680,194,348.5179817498658,N
351,368,361,337,343,680,194,348.5179817498658,N
368,361,337,343,346,680,194,348.5179817498658,N
361,337,343,346,343,680,194,348.5179817498658,N
337,343,346,343,349,680,194,348.5179817498658,N
343,346,343,349,350,680,194,348.5179817498658,N
346,343,349,350,347,680,194,348.5179817498658,N
343,349,350,347,337,680,194,348.5179817498658,N
349,350,347,337,340,680,194,348.5179817498658,N
350,347,337,340,353,680,194,348.5179817498658,N
347,337,340,353,358,680,194,348.5179817498658,N
337,340,353,358,356,680,194,348.5179817498658,N
340,353,358,356,346,680,194,348.5179817498658,N
353,358,356,346,343,680,194,348.5179817498658,N
358,356,346,343,337,680,194,348.5179817498658,N
356,346,343,337,345,680,194,348.5179817498658,N
346,343,337,345,347,680,194,348.5179817498658,N
343,337,345,347,356,680,194,348.5179817498658,N
337,345,347,356,362,680,194,348.5179817498658,N
345,347,356,362,349,680,194,348.5179817498658,N
347,356,362,349,339,680,194,348.5179817498658,N
356,362,349,339,349,680,194,348.5179817498658,N
362,349,339,349,347,680,194,348.5179817498658,N
349,339,349,347,345,680,194,348.5179817498658,N
339,349,347,345,344,680,194,348.5179817498658,N
349,347,345,344,332,680,194,348.5179817498658,N
347,345,344,332,332,680,194,348.5179817498658,N
345,344,332,332,350,680,194,348.5179817498658,N
344,332,332,350,372,680,194,348.5179817498658,N
332,332,350,372,366,680,194,348.5179817498658,N
332,350,372,366,375,680,194,348.5179817498658,N
350,372,366,375,360,680,194,348.5179817498658,N
372,366,375,360,359,680,194,348.5179817498658,N
366,375,360,359,356,680,194,348.5179817498658,N
375,360,359,356,388,680,194,348.5179817498658,N
360,359,356,388,392,680,194,348.5179817498658,N
359,356,388,392,362,680,194,348.5179817498658,N
356,388,392,362,369,680,194,348.5179817498658,N
388,392,362,369,363,680,194,348.5179817498658,N
392,362,369,363,364,680,194,348.5179817498658,N
362,369,363,364,375,680,194,348.5179817498658,N
369,363,364,375,391,680,194,348.5179817498658,N
363,364,375,391,382,680,194,348.5179817498658,N
364,375,391,382,355,680,194,348.5179817498658,N
375,391,382,355,375,680,194,348.5179817498658,N
391,382,355,375,375,680,194,348.5179817498658,N
382,355,375,375,369,680,194,348.5179817498658,N
355,375,375,369,367,680,194,348.5179817498658,N
375,375,369,367,351,680,194,348.5179817498658,N
375,369,367,351,339,680,194,348.5179817498658,N
369,367,351,339,344,680,194,348.5179817498658,N
367,351,339,344,351,680,194,348.5179817498658,N
351,339,344,351,387,680,194,348.5179817498658,N
339,344,351,387,333,680,194,348.5179817498658,N
344,351,387,333,414,680,194,348.5179817498658,N
351,387,333,414,356,680,194,348.5179817498658,N
387,333,414,356,352,680,194,348.5179817498658,A
333,414,356,352,349,680,194,348.5179817498658,N
414,356,352,349,351,680,194,348.5179817498658,N
356,352,349,351,330,680,194,348.5179817498658,N
352,349,351,330,341,680,194,348.5179817498658,N
349,351,330,341,331,680,194,348.5179817498658,N
351,330,341,331,321,680,194,348.5179817498658,N
330,341,331,321,354,680,194,348.5179817498658,N
341,331,321,354,376,680,194,348.5179817498658,N
331,321,354,376,377,680,194,348.5179817498658,N
321,354,376,377,364,680,194,348.5179817498658,N
354,376,377,364,366,680,194,348.5179817498658,N
376,377,364,366,367,680,194,348.5179817498658,N
377,364,366,367,365,680,194,348.5179817498658,N
364,366,367,365,387,680,194,348.5179817498658,N
366,367,365,387,370,680,194,348.5179817498658,N
367,365,387,370,350,680,194,348.5179817498658,N
365,387,370,350,341,680,194,348.5179817498658,N
387,370,350,341,335,680,194,348.5179817498658,N
370,350,341,335,353,680,194,348.5179817498658,N
350,341,335,353,365,680,194,348.5179817498658,N
341,335,353,365,354,680,194,348.5179817498658,N
335,353,365,354,349,680,194,348.5179817498658,N
353,365,354,349,341,680,194,348.5179817498658,N
365,354,349,341,345,680,194,348.5179817498658,N
354,349,341,345,344,680,194,348.5179817498658,N
349,341,345,344,374,680,194,348.5179817498658,N
341,345,344,374,377,680,194,348.5179817498658,N
345,344,374,377,368,680,194,348.5179817498658,N
344,374,377,368,362,680,194,348.5179817498658,N
374,377,368,362,354,680,194,348.5179817498658,N
377,368,362,354,354,680,194,348.5179817498658,N
368,362,354,354,382,680,194,348.5179817498658,N
362,354,354,382,380,680,194,348.5179817498658,N
354,354,382,380,360,680,194,348.5179817498658,N
354,382,380,360,365,680,194,348.5179817498658,N
382,380,360,365,359,680,194,348.5179817498658,N
380,360,365,359,350,680,194,348.5179817498658,N
360,365,359,350,372,680,194,348.5179817498658,N
365,359,350,372,388,680,194,348.5179817498658,N
359,350,372,388,372,680,194,348.5179817498658,N
350,372,388,372,341,680,194,348.5179817498658,N
372,388,372,341,361,680,194,348.5179817498658,N
388,372,341,361,370,680,194,348.5179817498658,N
372,341,361,370,372,680,194,348.5179817498658,N
341,361,370,372,377,680,194,348.5179817498658,N
361,370,372,377,375,680,194,348.5179817498658,N
370,372,377,375,365,680,194,348.5179817498658,N
372,377,375,365,346,680,194,348.5179817498658,N
377,375,365,346,370,680,194,348.5179817498658,N
375,365,346,370,396,680,194,348.5179817498658,N
365,346,370,396,379,680,194,348.5179817498658,N
346,370,396,379,368,680,194,348.5179817498658,N
370,396,379,368,360,680,194,348.5179817498658,N
396,379,368,360,362,680,194,348.5179817498658,N
379,368,360,362,369,680,194,348.5179817498658,N
368,360,362,369,393,680,194,348.5179817498658,N
360,362,369,393,389,680,194,348.5179817498658,N
362,369,393,389,355,680,194,348.5179817498658,N
369,393,389,355,347,680,194,348.5179817498658,N
393,389,355,347,355,680,194,348.5179817498658,N
389,355,347,355,352,680,194,348.5179817498658,N
355,347,355,352,374,680,194,348.5179817498658,N
347,355,352,374,374,680,194,348.5179817498658,N
355,352,374,374,347,680,194,348.5179817498658,N
352,374,374,347,347,680,194,348.5179817498658,N
374,374,347,347,360,680,194,348.5179817498658,N
374,347,347,360,368,680,194,348.5179817498658,N
347,347,360,368,377,680,194,348.5179817498658,N
347,360,368,377,382,680,194,348.5179817498658,N
360,368,377,382,372,680,194,348.5179817498658,N
368,377,382,372,350,680,194,348.5179817498658,N
377,382,372,350,366,680,194,348.5179817498658,N
382,372,350,366,388,680,194,348.5179817498658,N
372,350,366,388,388,680,194,348.5179817498658,N
350,366,388,388,375,680,194,348.5179817498658,N
366,388,388,375,366,680,194,348.5179817498658,N
388,388,375,366,371,680,194,348.5179817498658,N
388,375,366,371,355,680,194,348.5179817498658,N
375,366,371,355,380,680,194,348.5179817498658,N
366,371,355,380,395,680,194,348.5179817498658,N
371,355,380,395,370,680,194,348.5179817498658,N
355,380,395,370,349,680,194,348.5179817498658,N
380,395,370,349,356,680,194,348.5179817498658,N
395,370,349,356,380,680,194,348.5179817498658,N
370,349,356,380,374,680,194,348.5179817498658,N
349,356,380,374,377,680,194,348.5179817498658,N
356,380,374,377,376,680,194,348.5179817498658,N
380,374,377,376,356,680,194,348.5179817498658,N
374,377,376,356,338,680,194,348.5179817498658,N
377,376,356,338,361,680,194,348.5179817498658,N
376,356,338,361,376,680,194,348.5179817498658,N
356,338,361,376,363,680,194,348.5179817498658,N
338,361,376,363,362,680,194,348.5179817498658,N
361,376,363,362,345,680,194,348.5179817498658,N
376,363,362,345,351,680,194,348.5179817498658,N
363,362,345,351,347,680,194,348.5179817498658,N
362,345,351,347,369,680,194,348.5179817498658,N
345,351,347,369,380,680,194,348.5179817498658,N
351,347,369,380,361,680,194,348.5179817498658,N
347,369,380,361,358,680,194,348.5179817498658,N
369,380,361,358,356,680,194,348.5179817498658,N
380,361,358,356,370,680,194,348.5179817498658,N
361,358,356,370,379,680,194,348.5179817498658,N
358,356,370,379,378,680,194,348.5179817498658,N
356,370,379,378,372,680,194,348.5179817498658,N
370,379,378,372,347,680,194,348.5179817498658,N
379,378,372,347,366,680,194,348.5179817498658,N
378,372,347,366,376,680,194,348.5179817498658,N
372,347,366,376,380,680,194,348.5179817498658,N
347,366,376,380,390,680,194,348.5179817498658,N
366,376,380,390,377,680,194,348.5179817498658,N
376,380,390,377,349,680,194,348.5179817498658,N
380,390,377,349,365,680,194,348.5179817498658,N
390,377,349,365,384,680,194,348.5179817498658,N
377,349,365,384,378,680,194,348.5179817498658,N
349,365,384,378,373,680,194,348.5179817498658,N
365,384,378,373,367,680,194,348.5179817498658,N
384,378,373,367,357,680,194,348.5179817498658,N
378,373,367,357,340,680,194,348.5179817498658,N
373,367,357,340,354,680,194,348.5179817498658,N
367,357,340,354,376,680,194,348.5179817498658,N
357,340,354,376,374,680,194,348.5179817498658,N
340,354,376,374,352,680,194,348.5179817498658,N
354,376,374,352,349,680,194,348.5179817498658,N
376,374,352,349,359,680,194,348.5179817498658,N
374,352,349,359,363,680,194,348.5179817498658,N
352,349,359,363,373,680,194,348.5179817498658,N
349,359,363,373,375,680,194,348.5179817498658,N
359,363,373,375,349,680,194,348.5179817498658,N
363,373,375,349,356,680,194,348.5179817498658,N
373,375,349,356,354,680,194,348.5179817498658,N
375,349,356,354,358,680,194,348.5179817498658,N
349,356,354,358,383,680,194,348.5179817498658,N
356,354,358,383,373,680,194,348.5179817498658,N
354,358,383,373,347,680,194,348.5179817498658,N
358,383,373,347,350,680,194,348.5179817498658,N
383,373,347,350,366,680,194,348.5179817498658,N
373,347,350,366,366,680,194,348.5179817498658,N
347,350,366,366,369,680,194,348.5179817498658,N
350,366,366,369,369,680,194,348.5179817498658,N
366,366,369,369,361,680,194,348.5179817498658,N
366,369,369,361,348,680,194,348.5179817498658,N
369,369,361,348,348,680,194,348.5179817498658,N
369,361,348,348,377,680,194,348.5179817498658,N
361,348,348,377,381,680,194,348.5179817498658,N
348,348,377,381,362,680,194,348.5179817498658,N
348,377,381,362,357,680,194,348.5179817498658,N
377,381,362,357,364,680,194,348.5179817498658,N
381,362,357,364,352,680,194,348.5179817498658,N
362,357,364,352,372,680,194,348.5179817498658,N
357,364,352,372,384,680,194,348.5179817498658,N
364,352,372,384,363,680,194,348.5179817498658,N
352,372,384,363,355,680,194,348.5179817498658,N
372,384,363,355,353,680,194,348.5179817498658,N
384,363,355,353,363,680,194,348.5179817498658,N
363,355,353,363,371,680,194,348.5179817498658,N
355,353,363,371,373,680,194,348.5179817498658,N
353,363,371,373,369,680,194,348.5179817498658,N
363,371,373,369,348,680,194,348.5179817498658,N
371,373,369,348,357,680,194,348.5179817498658,N
373,369,348,357,366,680,194,348.5179817498658,N
369,348,357,366,360,680,194,348.5179817498658,N
348,357,366,360,381,680,194,348.5179817498658,N
357,366,360,381,376,680,194,348.5179817498658,N
366,360,381,376,347,680,194,348.5179817498658,N
360,381,376,347,344,680,194,348.5179817498658,N
381,376,347,344,364,680,194,348.5179817498658,N
376,347,344,364,385,680,194,348.5179817498658,N
347,344,364,385,362,680,194,348.5179817498658,N
344,364,385,362,359,680,194,348.5179817498658,N
364,385,362,359,367,680,194,348.5179817498658,N
385,362,359,367,349,680,194,348.5179817498658,N
362,359,367,349,349,680,194,348.5179817498658,N
359,367,349,349,379,680,194,348.5179817498658,N
367,349,349,379,390,680,194,348.5179817498658,N
349,349,379,390,361,680,194,348.5179817498658,N
349,379,390,361,355,680,194,348.5179817498658,N
379,390,361,355,365,680,194,348.5179817498658,N
390,361,355,365,367,680,194,348.5179817498658,N
361,355,365,367,371,680,194,348.5179817498658,N
355,365,367,371,382,680,194,348.5179817498658,N
365,367,371,382,370,680,194,348.5179817498658,N
367,371,382,370,352,680,194,348.5179817498658,N
371,382,370,352,362,680,194,348.5179817498658,N
382,370,352,362,364,680,194,348.5179817498658,N
370,352,362,364,384,680,194,348.5179817498658,N
352,362,364,384,372,680,194,348.5179817498658,N
362,364,384,372,369,680,194,348.5179817498658,N
364,384,372,369,354,680,194,348.5179817498658,N
384,372,369,354,349,680,194,348.5179817498658,N
372,369,354,349,372,680,194,348.5179817498658,N
369,354,349,372,376,680,194,348.5179817498658,N
354,349,372,376,367,680,194,348.5179817498658,N
349,372,376,367,361,680,194,348.5179817498658,N
372,376,367,361,354,680,194,348.5179817498658,N
376,367,361,354,352,680,194,348.5179817498658,N
367,361,354,352,362,680,194,348.5179817498658,N
361,354,352,362,391,680,194,348.5179817498658,N
354,352,362,391,364,680,194,348.5179817498658,N
352,362,391,364,357,680,194,348.5179817498658,N
362,391,364,357,362,680,194,348.5179817498658,N
391,364,357,362,346,680,194,348.5179817498658,N
364,357,362,346,360,680,194,348.5179817498658,N
357,362,346,360,379,680,194,348.5179817498658,N
362,346,360,379,365,680,194,348.5179817498658,N
346,360,379,365,355,680,194,348.5179817498658,N
360,379,365,355,352,680,194,348.5179817498658,N
379,365,355,352,349,680,194,348.5179817498658,N
365,355,352,349,365,680,194,348.5179817498658,N
355,352,349,365,378,680,194,348.5179817498658,N
352,349,365,378,376,680,194,348.5179817498658,N
349,365,378,376,351,680,194,348.5179817498658,N
365,378,376,351,351,680,194,348.5179817498658,N
378,376,351,351,357,680,194,348.5179817498658,N
376,351,351,357,357,680,194,348.5179817498658,N
351,351,357,357,361,680,194,348.5179817498658,N
351,357,357,361,368,680,194,348.5179817498658,N
357,357,361,368,351,680,194,348.5179817498658,N
357,361,368,351,346,680,194,348.5179817498658,N
361,368,351,346,352,680,194,348.5179817498658,N
368,351,346,352,383,680,194,348.5179817498658,N
351,346,352,383,375,680,194,348.5179817498658,N
346,352,383,375,362,680,194,348.5179817498658,N
352,383,375,362,376,680,194,348.5179817498658,N
383,375,362,376,355,680,194,348.5179817498658,N
375,362,376,355,354,680,194,348.5179817498658,N
362,376,355,354,375,680,194,348.5179817498658,N
376,355,354,375,358,680,194,348.5179817498658,N
355,354,375,358,364,680,194,348.5179817498658,N
354,375,358,364,336,680,194,348.5179817498658,N
375,358,364,336,314,680,194,348.5179817498658,N
358,364,336,314,331,680,194,348.5179817498658,N
364,336,314,331,331,680,194,348.5179817498658,N
336,314,331,331,356,680,194,348.5179817498658,N
314,331,331,356,368,680,194,348.5179817498658,N
331,331,356,368,368,680,194,348.5179817498658,N
331,356,368,368,352,680,194,348.5179817498658,N
356,368,368,352,356,680,194,348.5179817498658,N
368,368,352,356,372,680,194,348.5179817498658,N
368,352,356,372,389,680,194,348.5179817498658,N
352,356,372,389,377,680,194,348.5179817498658,N
356,372,389,377,372,680,194,348.5179817498658,N
372,389,377,372,366,680,194,348.5179817498658,N
389,377,372,366,361,680,194,348.5179817498658,N
377,372,366,361,367,680,194,348.5179817498658,N
372,366,361,367,376,680,194,348.5179817498658,N
366,361,367,376,390,680,194,348.5179817498658,N
361,367,376,390,361,680,194,348.5179817498658,N
367,376,390,361,357,680,194,348.5179817498658,N
376,390,361,357,355,680,194,348.5179817498658,N
390,361,357,355,364,680,194,348.5179817498658,N
361,357,355,364,386,680,194,348.5179817498658,N
357,355,364,386,343,680,194,348.5179817498658,N
355,364,386,343,343,680,194,348.5179817498658,N
386,343,343,347,341,680,194,348.5179817498658,N
343,343,347,341,360,680,194,348.5179817498658,N
343,347,341,360,379,680,194,348.5179817498658,N
347,341,360,379,378,680,194,348.5179817498658,N
341,360,379,378,348,680,194,348.5179817498658,N
360,379,378,348,344,680,194,348.5179817498658,N
379,378,348,344,347,680,194,348.5179817498658,N
378,348,344,347,348,680,194,348.5179817498658,N
348,344,347,348,367,680,194,348.5179817498658,N
344,347,348,367,366,680,194,348.5179817498658,N
347,348,367,366,343,680,194,348.5179817498658,N
348,367,366,343,346,680,194,348.5179817498658,N
367,366,343,346,349,680,194,348.5179817498658,N
366,343,346,349,344,680,194,348.5179817498658,N
343,346,349,344,363,680,194,348.5179817498658,N
346,349,344,363,336,680,194,348.5179817498658,N
349,344,363,336,319,680,194,348.5179817498658,N
344,363,336,319,307,680,194,348.5179817498658,N
363,336,319,307,311,680,194,348.5179817498658,N
336,319,307,311,311,680,194,348.5179817498658,N
319,307,311,311,330,680,194,348.5179817498658,N
307,311,311,330,338,680,194,348.5179817498658,N
311,311,330,338,330,680,194,348.5179817498658,N
311,330,338,330,353,680,194,348.5179817498658,N
330,338,330,353,343,680,194,348.5179817498658,N
338,330,353,343,351,680,194,348.5179817498658,N
330,353,343,351,357,680,194,348.5179817498658,N
353,343,351,357,382,680,194,348.5179817498658,N
343,351,357,382,382,680,194,348.5179817498658,N
351,357,382,382,360,680,194,348.5179817498658,N
357,382,382,360,347,680,194,348.5179817498658,N
382,382,360,347,361,680,194,348.5179817498658,N
382,360,347,361,370,680,194,348.5179817498658,N
360,347,361,370,382,680,194,348.5179817498658,N
347,361,370,382,364,680,194,348.5179817498658,N
361,370,382,364,365,680,194,348.5179817498658,N
370,382,364,365,352,680,194,348.5179817498658,N
382,364,365,352,347,680,194,348.5179817498658,N
364,365,352,347,366,680,194,348.5179817498658,N
365,352,347,366,378,680,194,348.5179817498658,N
352,347,366,378,369,680,194,348.5179817498658,N
347,366,378,369,351,680,194,348.5179817498658,N
366,378,369,351,343,680,194,348.5179817498658,N
378,369,351,343,360,680,194,348.5179817498658,N
369,351,343,360,367,680,194,348.5179817498658,N
351,343,360,367,365,680,194,348.5179817498658,N
343,360,367,365,365,680,194,348.5179817498658,N
360,367,365,365,345,680,194,348.5179817498658,N
367,365,365,345,314,680,194,348.5179817498658,N
365,365,345,314,313,680,194,348.5179817498658,N
365,345,314,313,318,680,194,348.5179817498658,N
345,314,313,318,353,680,194,348.5179817498658,N
314,313,318,353,361,680,194,348.5179817498658,N
313,318,353,361,352,680,194,348.5179817498658,N
318,353,361,352,350,680,194,348.5179817498658,N
353,361,352,350,355,680,194,348.5179817498658,N
361,352,350,355,366,680,194,348.5179817498658,N
352,350,355,366,382,680,194,348.5179817498658,N
350,355,366,382,369,680,194,348.5179817498658,N
355,366,382,369,375,680,194,348.5179817498658,N
366,382,369,375,361,680,194,348.5179817498658,N
382,369,375,361,371,680,194,348.5179817498658,N
369,375,361,371,377,680,194,348.5179817498658,N
375,361,371,377,378,680,194,348.5179817498658,N
361,371,377,378,369,680,194,348.5179817498658,N
371,377,378,369,367,680,194,348.5179817498658,N
377,378,369,367,363,680,194,348.5179817498658,N
378,369,367,363,354,680,194,348.5179817498658,N
369,367,363,354,337,680,194,348.5179817498658,N
367,363,354,337,368,680,194,348.5179817498658,N
363,354,337,368,347,680,194,348.5179817498658,N
354,337,368,347,328,680,194,348.5179817498658,N
337,368,347,328,310,680,194,348.5179817498658,N
368,347,328,310,304,680,194,348.5179817498658,N
347,328,310,304,310,680,194,348.5179817498658,N
328,310,304,310,310,680,194,348.5179817498658,N
310,304,310,310,326,680,194,348.5179817498658,N
304,310,310,326,324,680,194,348.5179817498658,N
310,310,326,324,325,680,194,348.5179817498658,N
310,326,324,325,316,680,194,348.5179817498658,N
326,324,325,316,314,680,194,348.5179817498658,N
324,325,316,314,327,680,194,348.5179817498658,N
325,316,314,327,349,680,194,348.5179817498658,N
316,314,327,349,360,680,194,348.5179817498658,N
314,327,349,360,355,680,194,348.5179817498658,N
327,349,360,355,346,680,194,348.5179817498658,N
349,360,355,346,363,680,194,348.5179817498658,N
360,355,346,363,348,680,194,348.5179817498658,N
355,346,363,348,362,680,194,348.5179817498658,N
346,363,348,362,351,680,194,348.5179817498658,N
363,348,362,351,330,680,194,348.5179817498658,N
348,362,351,330,327,680,194,348.5179817498658,N
362,351,330,327,331,680,194,348.5179817498658,N
351,330,327,331,351,680,194,348.5179817498658,N
330,327,331,351,382,680,194,348.5179817498658,N
327,331,351,382,382,680,194,348.5179817498658,N
331,351,382,382,380,680,194,348.5179817498658,N
351,382,382,380,367,680,194,348.5179817498658,N
382,382,380,367,372,680,194,348.5179817498658,N
382,380,367,372,371,680,194,348.5179817498658,N
380,367,372,371,368,680,194,348.5179817498658,N
367,372,371,368,378,680,194,348.5179817498658,N
372,371,368,378,363,680,194,348.5179817498658,N
371,368,378,363,340,680,194,348.5179817498658,N
368,378,363,340,327,680,194,348.5179817498658,N
378,363,340,327,343,680,194,348.5179817498658,N
363,340,327,343,363,680,194,348.5179817498658,N
340,327,343,363,345,680,194,348.5179817498658,N
327,343,363,345,322,680,194,348.5179817498658,N
343,363,345,322,330,680,194,348.5179817498658,N
363,345,322,330,333,680,194,348.5179817498658,N
345,322,330,333,330,680,194,348.5179817498658,N
322,330,333,330,348,680,194,348.5179817498658,N
330,333,330,348,360,680,194,348.5179817498658,N
333,330,348,360,365,680,194,348.5179817498658,N
330,348,360,365,337,680,194,348.5179817498658,N
348,360,365,337,309,680,194,348.5179817498658,N
360,365,337,309,299,680,194,348.5179817498658,N
365,337,309,299,304,680,194,348.5179817498658,N
337,309,299,304,307,680,194,348.5179817498658,N
309,299,304,307,306,680,194,348.5179817498658,N
299,304,307,306,324,680,194,348.5179817498658,N
304,307,306,324,322,680,194,348.5179817498658,N
307,306,324,322,340,680,194,348.5179817498658,N
306,324,322,340,345,680,194,348.5179817498658,N
324,322,340,345,365,680,194,348.5179817498658,N
322,340,345,365,383,680,194,348.5179817498658,N
340,345,365,383,364,680,194,348.5179817498658,N
345,365,383,364,352,680,194,348.5179817498658,N
365,383,364,352,330,680,194,348.5179817498658,N
383,364,352,330,329,680,194,348.5179817498658,N
364,352,330,329,323,680,194,348.5179817498658,N
352,330,329,323,341,680,194,348.5179817498658,N
330,329,323,341,357,680,194,348.5179817498658,N
329,323,341,357,362,680,194,348.5179817498658,N
323,341,357,362,354,680,194,348.5179817498658,N
341,357,362,354,348,680,194,348.5179817498658,N
357,362,354,348,366,680,194,348.5179817498658,N
362,354,348,366,384,680,194,348.5179817498658,N
354,348,366,384,385,680,194,348.5179817498658,N
348,366,384,385,369,680,194,348.5179817498658,N
366,384,385,369,364,680,194,348.5179817498658,N
384,385,369,364,358,680,194,348.5179817498658,N
385,369,364,358,359,680,194,348.5179817498658,N
369,364,358,359,380,680,194,348.5179817498658,N
364,358,359,380,374,680,194,348.5179817498658,N
358,359,380,374,367,680,194,348.5179817498658,N
359,380,374,367,331,680,194,348.5179817498658,N
380,374,367,331,330,680,194,348.5179817498658,N
374,367,331,330,356,680,194,348.5179817498658,N
367,331,330,356,340,680,194,348.5179817498658,N
331,330,356,340,351,680,194,348.5179817498658,N
330,356,340,351,335,680,194,348.5179817498658,N
356,340,351,335,305,680,194,348.5179817498658,N
340,351,335,305,298,680,194,348.5179817498658,N
351,335,305,298,296,680,194,348.5179817498658,N
335,305,298,296,296,680,194,348.5179817498658,N
305,298,296,296,329,680,194,348.5179817498658,N
298,296,296,329,352,680,194,348.5179817498658,N
296,296,329,352,335,680,194,348.5179817498658,N
296,329,352,335,316,680,194,348.5179817498658,N
329,352,335,316,312,680,194,348.5179817498658,N
352,335,316,312,331,680,194,348.5179817498658,N
335,316,312,331,362,680,194,348.5179817498658,N
316,312,331,362,378,680,194,348.5179817498658,N
312,331,362,378,383,680,194,348.5179817498658,N
331,362,378,383,377,680,194,348.5179817498658,N
362,378,383,377,369,680,194,348.5179817498658,N
378,383,377,369,374,680,194,348.5179817498658,N
383,377,369,374,393,680,194,348.5179817498658,N
377,369,374,393,395,680,194,348.5179817498658,N
369,374,393,395,373,680,194,348.5179817498658,N
374,393,395,373,339,680,194,348.5179817498658,N
393,395,373,339,357,680,194,348.5179817498658,N
395,373,339,357,357,680,194,348.5179817498658,N
373,339,357,357,358,680,194,348.5179817498658,N
339,357,357,358,364,680,194,348.5179817498658,N
357,357,358,364,358,680,194,348.5179817498658,N
357,358,364,358,353,680,194,348.5179817498658,N
358,364,358,353,345,680,194,348.5179817498658,N
364,358,353,345,353,680,194,348.5179817498658,N
358,353,345,353,377,680,194,348.5179817498658,N
353,345,353,377,360,680,194,348.5179817498658,N
345,353,377,360,356,680,194,348.5179817498658,N
353,377,360,356,349,680,194,348.5179817498658,N
377,360,356,349,357,680,194,348.5179817498658,N
360,356,349,357,361,680,194,348.5179817498658,N
356,349,357,361,371,680,194,348.5179817498658,N
349,357,361,371,381,680,194,348.5179817498658,N
357,361,371,381,360,680,194,348.5179817498658,N
361,371,381,360,349,680,194,348.5179817498658,N
371,381,360,349,352,680,194,348.5179817498658,N
381,360,349,352,362,680,194,348.5179817498658,N
360,349,352,362,369,680,194,348.5179817498658,N
349,352,362,369,362,680,194,348.5179817498658,N
352,362,369,362,358,680,194,348.5179817498658,N
362,369,362,358,360,680,194,348.5179817498658,N
369,362,358,360,339,680,194,348.5179817498658,N
362,358,360,339,348,680,194,348.5179817498658,N
358,360,339,348,373,680,194,348.5179817498658,N
360,339,348,373,375,680,194,348.5179817498658,N
339,348,373,375,354,680,194,348.5179817498658,N
348,373,375,354,340,680,194,348.5179817498658,N
373,375,354,340,342,680,194,348.5179817498658,N
375,354,340,342,363,680,194,348.5179817498658,N
354,340,342,363,346,680,194,348.5179817498658,N
340,342,363,346,330,680,194,348.5179817498658,N
342,363,346,330,346,680,194,348.5179817498658,N
363,346,330,346,327,680,194,348.5179817498658,N
346,330,346,327,328,680,194,348.5179817498658,N
330,346,327,328,325,680,194,348.5179817498658,N
346,327,328,325,347,680,194,348.5179817498658,N
327,328,325,347,376,680,194,348.5179817498658,N
328,325,347,376,352,680,194,348.5179817498658,N
325,347,376,352,351,680,194,348.5179817498658,N
347,376,352,351,347,680,194,348.5179817498658,N
376,352,351,347,350,680,194,348.5179817498658,N
352,351,347,350,361,680,194,348.5179817498658,N
351,347,350,361,375,680,194,348.5179817498658,N
347,350,361,375,377,680,194,348.5179817498658,N
350,361,375,377,358,680,194,348.5179817498658,N
361,375,377,358,353,680,194,348.5179817498658,N
375,377,358,353,353,680,194,348.5179817498658,N
377,358,353,353,346,680,194,348.5179817498658,N
358,353,353,346,368,680,194,348.5179817498658,N
353,353,346,368,340,680,194,348.5179817498658,N
353,346,368,340,321,680,194,348.5179817498658,N
346,368,340,321,311,680,194,348.5179817498658,N
368,340,321,311,325,680,194,348.5179817498658,N
340,321,311,325,337,680,194,348.5179817498658,N
321,311,325,337,348,680,194,348.5179817498658,N
311,325,337,348,349,680,194,348.5179817498658,N
325,337,348,349,357,680,194,348.5179817498658,N
337,348,349,357,352,680,194,348.5179817498658,N
348,349,357,352,348,680,194,348.5179817498658,N
349,357,352,348,352,680,194,348.5179817498658,N
357,352,348,352,379,680,194,348.5179817498658,N
352,348,352,379,373,680,194,348.5179817498658,N
348,352,379,373,353,680,194,348.5179817498658,N
352,379,373,353,341,680,194,348.5179817498658,N
379,373,353,341,352,680,194,348.5179817498658,N
373,353,341,352,356,680,194,348.5179817498658,N
353,341,352,356,362,680,194,348.5179817498658,N
341,352,356,362,382,680,194,348.5179817498658,N
352,356,362,382,356,680,194,348.5179817498658,N
356,362,382,356,329,680,194,348.5179817498658,N
362,382,356,329,343,680,194,348.5179817498658,N
382,356,329,343,350,680,194,348.5179817498658,N
356,329,343,350,374,680,194,348.5179817498658,N
329,343,350,374,372,680,194,348.5179817498658,N
343,350,374,372,370,680,194,348.5179817498658,N
350,374,372,370,355,680,194,348.5179817498658,N
374,372,370,355,343,680,194,348.5179817498658,N
372,370,355,343,349,680,194,348.5179817498658,N
370,355,343,349,368,680,194,348.5179817498658,N
355,343,349,368,363,680,194,348.5179817498658,N
343,349,368,363,366,680,194,348.5179817498658,N
349,368,363,366,353,680,194,348.5179817498658,N
368,363,366,353,348,680,194,348.5179817498658,N
363,366,353,348,338,680,194,348.5179817498658,N
366,353,348,338,351,680,194,348.5179817498658,N
353,348,338,351,346,680,194,348.5179817498658,N
348,338,351,346,343,680,194,348.5179817498658,N
338,351,346,343,338,680,194,348.5179817498658,N
351,346,343,338,349,680,194,348.5179817498658,N
346,343,338,349,357,680,194,348.5179817498658,N
343,338,349,357,363,680,194,348.5179817498658,N
338,349,357,363,385,680,194,348.5179817498658,N
349,357,363,385,378,680,194,348.5179817498658,N
357,363,385,378,370,680,194,348.5179817498658,N
363,385,378,370,351,680,194,348.5179817498658,N
385,378,370,351,369,680,194,348.5179817498658,N
378,370,351,369,379,680,194,348.5179817498658,N
370,351,369,379,372,680,194,348.5179817498658,N
351,369,379,372,384,680,194,348.5179817498658,N
369,379,372,384,364,680,194,348.5179817498658,N
379,372,384,364,356,680,194,348.5179817498658,N
372,384,364,356,352,680,194,348.5179817498658,N
384,364,356,352,382,680,194,348.5179817498658,N
364,356,352,382,388,680,194,348.5179817498658,N
356,352,382,388,361,680,194,348.5179817498658,N
352,382,388,361,363,680,194,348.5179817498658,N
382,388,361,363,356,680,194,348.5179817498658,N
388,361,363,356,348,680,194,348.5179817498658,N
361,363,356,348,374,680,194,348.5179817498658,N
363,356,348,374,381,680,194,348.5179817498658,N
356,348,374,381,369,680,194,348.5179817498658,N
348,374,381,369,351,680,194,348.5179817498658,N
374,381,369,351,350,680,194,348.5179817498658,N
381,369,351,350,351,680,194,348.5179817498658,N
369,351,350,351,376,680,194,348.5179817498658,N
351,350,351,376,372,680,194,348.5179817498658,N
350,351,376,372,360,680,194,348.5179817498658,N
351,376,372,360,353,680,194,348.5179817498658,N
376,372,360,353,357,680,194,348.5179817498658,N
372,360,353,357,349,680,194,348.5179817498658,N
360,353,357,349,365,680,194,348.5179817498658,N
353,357,349,365,391,680,194,348.5179817498658,N
357,349,365,391,361,680,194,348.5179817498658,N
349,365,391,361,346,680,194,348.5179817498658,N
365,391,361,346,356,680,194,348.5179817498658,N
391,361,346,356,352,680,194,348.5179817498658,N
361,346,356,352,372,680,194,348.5179817498658,N
346,356,352,372,369,680,194,348.5179817498658,N
356,352,372,369,359,680,194,348.5179817498658,N
352,372,369,359,354,680,194,348.5179817498658,N
372,369,359,354,346,680,194,348.5179817498658,N
369,359,354,346,347,680,194,348.5179817498658,N
359,354,346,347,367,680,194,348.5179817498658,N
354,346,347,367,380,680,194,348.5179817498658,N
346,347,367,380,353,680,194,348.5179817498658,N
347,367,380,353,349,680,194,348.5179817498658,N
367,380,353,349,356,680,194,348.5179817498658,N
380,353,349,356,349,680,194,348.5179817498658,N
353,349,356,349,371,680,194,348.5179817498658,N
349,356,349,371,358,680,194,348.5179817498658,N
356,349,371,358,367,680,194,348.5179817498658,N
349,371,358,367,354,680,194,348.5179817498658,N
371,358,367,354,341,680,194,348.5179817498658,N
358,367,354,341,352,680,194,348.5179817498658,N
367,354,341,352,369,680,194,348.5179817498658,N
354,341,352,369,377,680,194,348.5179817498658,N
341,352,369,377,356,680,194,348.5179817498658,N
352,369,377,356,338,680,194,348.5179817498658,N
369,377,356,338,337,680,194,348.5179817498658,N
377,356,338,337,339,680,194,348.5179817498658,N
356,338,337,339,331,680,194,348.5179817498658,N
338,337,339,331,333,680,194,348.5179817498658,N
337,339,331,333,347,680,194,348.5179817498658,N
339,331,333,347,343,680,194,348.5179817498658,N
331,333,347,343,337,680,194,348.5179817498658,N
333,347,343,337,345,680,194,348.5179817498658,N
347,343,337,345,355,680,194,348.5179817498658,N
343,337,345,355,384,680,194,348.5179817498658,N
337,345,355,384,374,680,194,348.5179817498658,N
345,355,384,374,356,680,194,348.5179817498658,N
355,384,374,356,359,680,194,348.5179817498658,N
384,374,356,359,344,680,194,348.5179817498658,N
374,356,359,344,359,680,194,348.5179817498658,N
356,359,344,359,377,680,194,348.5179817498658,N
359,344,359,377,381,680,194,348.5179817498658,N
344,359,377,381,354,680,194,348.5179817498658,N
359,377,381,354,350,680,194,348.5179817498658,N
377,381,354,350,365,680,194,348.5179817498658,N
381,354,350,365,360,680,194,348.5179817498658,N
354,350,365,360,371,680,194,348.5179817498658,N
350,365,360,371,369,680,194,348.5179817498658,N
365,360,371,369,346,680,194,348.5179817498658,N
360,371,369,346,347,680,194,348.5179817498658,N
371,369,346,347,340,680,194,348.5179817498658,N
369,346,347,340,335,680,194,348.5179817498658,N
346,347,340,335,362,680,194,348.5179817498658,N
347,340,335,362,362,680,194,348.5179817498658,N
340,335,362,362,348,680,194,348.5179817498658,N
335,362,362,348,335,680,194,348.5179817498658,N
362,362,348,335,353,680,194,348.5179817498658,N
362,348,335,353,366,680,194,348.5179817498658,N
348,335,353,366,367,680,194,348.5179817498658,N
335,353,366,367,373,680,194,348.5179817498658,N
353,366,367,373,374,680,194,348.5179817498658,N
366,367,373,374,344,680,194,348.5179817498658,N
367,373,374,344,343,680,194,348.5179817498658,N
373,374,344,343,366,680,194,348.5179817498658,N
374,344,343,366,383,680,194,348.5179817498658,N
344,343,366,383,367,680,194,348.5179817498658,N
343,366,383,367,347,680,194,348.5179817498658,N
366,383,367,347,348,680,194,348.5179817498658,N
383,367,347,348,346,680,194,348.5179817498658,N
367,347,348,346,350,680,194,348.5179817498658,N
347,348,346,350,352,680,194,348.5179817498658,N
348,346,350,352,355,680,194,348.5179817498658,N
346,350,352,355,351,680,194,348.5179817498658,N
350,352,355,351,342,680,194,348.5179817498658,N
352,355,351,342,329,680,194,348.5179817498658,N
355,351,342,329,350,680,194,348.5179817498658,N
351,342,329,350,349,680,194,348.5179817498658,N
342,329,350,349,358,680,194,348.5179817498658,N
329,350,349,358,339,680,194,348.5179817498658,N
350,349,358,339,317,680,194,348.5179817498658,N
349,358,339,317,322,680,194,348.5179817498658,N
358,339,317,322,318,680,194,348.5179817498658,N
339,317,322,318,332,680,194,348.5179817498658,N
317,322,318,332,359,680,194,348.5179817498658,N
322,318,332,359,348,680,194,348.5179817498658,N
318,332,359,348,329,680,194,348.5179817498658,N
332,359,348,329,331,680,194,348.5179817498658,N
359,348,329,331,336,680,194,348.5179817498658,N
348,329,331,336,354,680,194,348.5179817498658,N
329,331,336,354,353,680,194,348.5179817498658,N
331,336,354,353,364,680,194,348.5179817498658,N
336,354,353,364,361,680,194,348.5179817498658,N
354,353,364,361,344,680,194,348.5179817498658,N
353,364,361,344,339,680,194,348.5179817498658,N
364,361,344,339,354,680,194,348.5179817498658,N
361,344,339,354,351,680,194,348.5179817498658,N
344,339,354,351,364,680,194,348.5179817498658,N
339,354,351,364,355,680,194,348.5179817498658,N
354,351,364,355,334,680,194,348.5179817498658,N
351,364,355,334,348,680,194,348.5179817498658,N
364,355,334,348,349,680,194,348.5179817498658,N
355,334,348,349,343,680,194,348.5179817498658,N
334,348,349,343,354,680,194,348.5179817498658,N
348,349,343,354,344,680,194,348.5179817498658,N
349,343,354,344,345,680,194,348.5179817498658,N
343,354,344,345,341,680,194,348.5179817498658,N
354,344,345,341,343,680,194,348.5179817498658,N
344,345,341,343,361,680,194,348.5179817498658,N
345,341,343,361,356,680,194,348.5179817498658,N
341,343,361,356,353,680,194,348.5179817498658,N
343,361,356,353,342,680,194,348.5179817498658,N
361,356,353,342,335,680,194,348.5179817498658,N
356,353,342,335,348,680,194,348.5179817498658,N
353,342,335,348,341,680,194,348.5179817498658,N
342,335,348,341,367,680,194,348.5179817498658,N
335,348,341,367,366,680,194,348.5179817498658,N
348,341,367,366,350,680,194,348.5179817498658,N
341,367,366,350,332,680,194,348.5179817498658,N
367,366,350,332,336,680,194,348.5179817498658,N
366,350,332,336,347,680,194,348.5179817498658,N
350,332,336,347,359,680,194,348.5179817498658,N
332,336,347,359,343,680,194,348.5179817498658,N
336,347,359,343,343,680,194,348.5179817498658,N
347,359,343,343,349,680,194,348.5179817498658,N
359,343,343,349,335,680,194,348.5179817498658,N
343,343,349,335,342,680,194,348.5179817498658,N
343,349,335,342,364,680,194,348.5179817498658,N
349,335,342,364,351,680,194,348.5179817498658,N
335,342,364,351,358,680,194,348.5179817498658,N
342,364,351,358,345,680,194,348.5179817498658,N
364,351,358,345,323,680,194,348.5179817498658,N
351,358,345,323,351,680,194,348.5179817498658,N
358,345,323,351,351,680,194,348.5179817498658,N
345,323,351,351,343,680,194,348.5179817498658,N
323,351,351,343,346,680,194,348.5179817498658,N
351,351,343,346,337,680,194,348.5179817498658,N
351,343,346,337,335,680,194,348.5179817498658,N
343,346,337,335,332,680,194,348.5179817498658,N
346,337,335,332,356,680,194,348.5179817498658,N
337,335,332,356,380,680,194,348.5179817498658,N
335,332,356,380,356,680,194,348.5179817498658,N
332,356,380,356,351,680,194,348.5179817498658,N
356,380,356,351,334,680,194,348.5179817498658,N
380,356,351,334,347,680,194,348.5179817498658,N
356,351,334,347,354,680,194,348.5179817498658,N
351,334,347,354,364,680,194,348.5179817498658,N
334,347,354,364,354,680,194,348.5179817498658,N
347,354,364,354,337,680,194,348.5179817498658,N
354,364,354,337,323,680,194,348.5179817498658,N
364,354,337,323,328,680,194,348.5179817498658,N
354,337,323,328,347,680,194,348.5179817498658,N
337,323,328,347,350,680,194,348.5179817498658,N
323,328,347,350,360,680,194,348.5179817498658,N
328,347,350,360,346,680,194,348.5179817498658,N
347,350,360,346,322,680,194,348.5179817498658,N
350,360,346,322,339,680,194,348.5179817498658,N
360,346,322,339,342,680,194,348.5179817498658,N
346,322,339,342,350,680,194,348.5179817498658,N
322,339,342,350,365,680,194,348.5179817498658,N
339,342,350,365,353,680,194,348.5179817498658,N
342,350,365,353,351,680,194,348.5179817498658,N
350,365,353,351,339,680,194,348.5179817498658,N
365,353,351,339,342,680,194,348.5179817498658,N
353,351,339,342,363,680,194,348.5179817498658,N
351,339,342,363,362,680,194,348.5179817498658,N
339,342,363,362,360,680,194,348.5179817498658,N
342,363,362,360,351,680,194,348.5179817498658,N
363,362,360,351,353,680,194,348.5179817498658,N
362,360,351,353,354,680,194,348.5179817498658,N
360,351,353,354,340,680,194,348.5179817498658,N
351,353,354,340,360,680,194,348.5179817498658,N
353,354,340,360,362,680,194,348.5179817498658,N
354,340,360,362,344,680,194,348.5179817498658,N
340,360,362,344,328,680,194,348.5179817498658,N
360,362,344,328,339,680,194,348.5179817498658,N
362,344,328,339,363,680,194,348.5179817498658,N
344,328,339,363,360,680,194,348.5179817498658,N
328,339,363,360,369,680,194,348.5179817498658,N
339,363,360,369,349,680,194,348.5179817498658,N
363,360,369,349,343,680,194,348.5179817498658,N
360,369,349,343,328,680,194,348.5179817498658,N
369,349,343,328,345,680,194,348.5179817498658,N
349,343,328,345,362,680,194,348.5179817498658,N
343,328,345,362,368,680,194,348.5179817498658,N
328,345,362,368,346,680,194,348.5179817498658,N
345,362,368,346,345,680,194,348.5179817498658,N
362,368,346,345,354,680,194,348.5179817498658,N
368,346,345,354,357,680,194,348.5179817498658,N
346,345,354,357,356,680,194,348.5179817498658,N
345,354,357,356,376,680,194,348.5179817498658,N
354,357,356,376,362,680,194,348.5179817498658,N
357,356,376,362,335,680,194,348.5179817498658,N
356,376,362,335,339,680,194,348.5179817498658,N
376,362,335,339,341,680,194,348.5179817498658,N
362,335,339,341,370,680,194,348.5179817498658,N
335,339,341,370,345,680,194,348.5179817498658,N
339,341,370,345,348,680,194,348.5179817498658,N
341,370,345,348,341,680,194,348.5179817498658,N
370,345,348,341,331,680,194,348.5179817498658,N
345,348,341,331,341,680,194,348.5179817498658,N
348,341,331,341,343,680,194,348.5179817498658,N
341,331,341,343,360,680,194,348.5179817498658,N
331,341,343,360,365,680,194,348.5179817498658,N
341,343,360,365,354,680,194,348.5179817498658,N
343,360,365,354,350,680,194,348.5179817498658,N
360,365,354,350,361,680,194,348.5179817498658,N
365,354,350,361,377,680,194,348.5179817498658,N
354,350,361,377,383,680,194,348.5179817498658,N
350,361,377,383,358,680,194,348.5179817498658,N
361,377,383,358,350,680,194,348.5179817498658,N
377,383,358,350,350,680,194,348.5179817498658,N
383,358,350,350,351,680,194,348.5179817498658,N
358,350,350,351,356,680,194,348.5179817498658,N
350,350,351,356,358,680,194,348.5179817498658,N
350,351,356,358,365,680,194,348.5179817498658,N
351,356,358,365,348,680,194,348.5179817498658,N
356,358,365,348,330,680,194,348.5179817498658,N
358,365,348,330,340,680,194,348.5179817498658,N
365,348,330,340,355,680,194,348.5179817498658,N
348,330,340,355,357,680,194,348.5179817498658,N
330,340,355,357,351,680,194,348.5179817498658,N
340,355,357,351,330,680,194,348.5179817498658,N
355,357,351,330,325,680,194,348.5179817498658,N
357,351,330,325,327,680,194,348.5179817498658,N
351,330,325,327,333,680,194,348.5179817498658,N
330,325,327,333,340,680,194,348.5179817498658,N
325,327,333,340,353,680,194,348.5179817498658,N
327,333,340,353,338,680,194,348.5179817498658,N
333,340,353,338,328,680,194,348.5179817498658,N
340,353,338,328,329,680,194,348.5179817498658,N
353,338,328,329,336,680,194,348.5179817498658,N
338,328,329,336,349,680,194,348.5179817498658,N
328,329,336,349,361,680,194,348.5179817498658,N
329,336,349,361,361,680,194,348.5179817498658,N
336,349,361,361,349,680,194,348.5179817498658,N
349,361,361,349,319,680,194,348.5179817498658,N
361,361,349,319,326,680,194,348.5179817498658,N
361,349,319,326,333,680,194,348.5179817498658,N
349,319,326,333,339,680,194,348.5179817498658,N
319,326,333,339,334,680,194,348.5179817498658,N
326,333,339,334,315,680,194,348.5179817498658,N
333,339,334,315,300,680,194,348.5179817498658,N
339,334,315,300,319,680,194,348.5179817498658,N
334,315,300,319,311,680,194,348.5179817498658,N
315,300,319,311,317,680,194,348.5179817498658,N
300,319,311,317,326,680,194,348.5179817498658,N
319,311,317,326,327,680,194,348.5179817498658,N
311,317,326,327,327,680,194,348.5179817498658,N
317,326,327,327,321,680,194,348.5179817498658,N
326,327,327,321,323,680,194,348.5179817498658,N
327,327,321,323,319,680,194,348.5179817498658,N
327,321,323,319,347,680,194,348.5179817498658,N
321,323,319,347,344,680,194,348.5179817498658,N
323,319,347,344,334,680,194,348.5179817498658,N
319,347,344,334,315,680,194,348.5179817498658,N
347,344,334,315,303,680,194,348.5179817498658,N
344,334,315,303,321,680,194,348.5179817498658,N
334,315,303,321,333,680,194,348.5179817498658,N
315,303,321,333,345,680,194,348.5179817498658,N
303,321,333,345,366,680,194,348.5179817498658,N
321,333,345,366,349,680,194,348.5179817498658,N
333,345,366,349,331,680,194,348.5179817498658,N
345,366,349,331,318,680,194,348.5179817498658,N
366,349,331,318,333,680,194,348.5179817498658,N
349,331,318,333,348,680,194,348.5179817498658,N
331,318,333,348,344,680,194,348.5179817498658,N
318,333,348,344,333,680,194,348.5179817498658,N
333,348,344,333,347,680,194,348.5179817498658,N
348,344,333,347,342,680,194,348.5179817498658,N
344,333,347,342,348,680,194,348.5179817498658,N
333,347,342,348,368,680,194,348.5179817498658,N
347,342,348,368,382,680,194,348.5179817498658,N
342,348,368,382,376,680,194,348.5179817498658,N
348,368,382,376,344,680,194,348.5179817498658,N
368,382,376,344,350,680,194,348.5179817498658,N
382,376,344,350,363,680,194,348.5179817498658,N
376,344,350,363,372,680,194,348.5179817498658,N
344,350,363,372,375,680,194,348.5179817498658,N
350,363,372,375,360,680,194,348.5179817498658,N
363,372,375,360,352,680,194,348.5179817498658,N
372,375,360,352,345,680,194,348.5179817498658,N
375,360,352,345,354,680,194,348.5179817498658,N
360,352,345,354,368,680,194,348.5179817498658,N
352,345,354,368,365,680,194,348.5179817498658,N
345,354,368,365,355,680,194,348.5179817498658,N
354,368,365,355,356,680,194,348.5179817498658,N
368,365,355,356,347,680,194,348.5179817498658,N
365,355,356,347,353,680,194,348.5179817498658,N
355,356,347,353,367,680,194,348.5179817498658,N
356,347,353,367,371,680,194,348.5179817498658,N
347,353,367,371,379,680,194,348.5179817498658,N
353,367,371,379,357,680,194,348.5179817498658,N
367,371,379,357,350,680,194,348.5179817498658,N
371,379,357,350,344,680,194,348.5179817498658,N
379,357,350,344,369,680,194,348.5179817498658,N
357,350,344,369,374,680,194,348.5179817498658,N
350,344,369,374,357,680,194,348.5179817498658,N
344,369,374,357,346,680,194,348.5179817498658,N
369,374,357,346,352,680,194,348.5179817498658,N
374,357,346,352,350,680,194,348.5179817498658,N
357,346,352,350,361,680,194,348.5179817498658,N
346,352,350,361,369,680,194,348.5179817498658,N
352,350,361,369,372,680,194,348.5179817498658,N
350,361,369,372,352,680,194,348.5179817498658,N
361,369,372,352,342,680,194,348.5179817498658,N
369,372,352,342,361,680,194,348.5179817498658,N
372,352,342,361,373,680,194,348.5179817498658,N
352,342,361,373,361,680,194,348.5179817498658,N
342,361,373,361,365,680,194,348.5179817498658,N
361,373,361,365,335,680,194,348.5179817498658,N
373,361,365,335,346,680,194,348.5179817498658,N
361,365,335,346,343,680,194,348.5179817498658,N
365,335,346,343,352,680,194,348.5179817498658,N
335,346,343,352,347,680,194,348.5179817498658,N
346,343,352,347,356,680,194,348.5179817498658,N
343,352,347,356,349,680,194,348.5179817498658,N
352,347,356,349,347,680,194,348.5179817498658,N
347,356,349,347,340,680,194,348.5179817498658,N
356,349,347,340,368,680,194,348.5179817498658,N
349,347,340,368,379,680,194,348.5179817498658,N
347,340,368,379,368,680,194,348.5179817498658,N
340,368,379,368,360,680,194,348.5179817498658,N
368,379,368,360,355,680,194,348.5179817498658,N
379,368,360,355,342,680,194,348.5179817498658,N
368,360,355,342,333,680,194,348.5179817498658,N
360,355,342,333,348,680,194,348.5179817498658,N
355,342,333,348,367,680,194,348.5179817498658,N
342,333,348,367,351,680,194,348.5179817498658,N
333,348,367,351,354,680,194,348.5179817498658,N
348,367,351,354,364,680,194,348.5179817498658,N
367,351,354,364,369,680,194,348.5179817498658,N
351,354,364,369,377,680,194,348.5179817498658,N
354,364,369,377,378,680,194,348.5179817498658,N
364,369,377,378,364,680,194,348.5179817498658,N
369,377,378,364,347,680,194,348.5179817498658,N
377,378,364,347,237,680,194,348.5179817498658,N
378,364,347,237,459,680,194,348.5179817498658,N
364,347,237,459,391,680,194,348.5179817498658,N
347,237,459,391,372,680,194,348.5179817498658,A
237,459,391,372,362,680,194,348.5179817498658,N
459,391,372,362,356,680,194,348.5179817498658,N
391,372,362,356,361,680,194,348.5179817498658,N
372,362,356,361,371,680,194,348.5179817498658,N
362,356,361,371,371,680,194,348.5179817498658,N
356,361,371,371,362,680,194,348.5179817498658,N
361,371,371,362,350,680,194,348.5179817498658,N
371,371,362,350,348,680,194,348.5179817498658,N
371,362,350,348,364,680,194,348.5179817498658,N
362,350,348,364,391,680,194,348.5179817498658,N
350,348,364,391,399,680,194,348.5179817498658,N
348,364,391,399,386,680,194,348.5179817498658,N
364,391,399,386,383,680,194,348.5179817498658,N
391,399,386,383,360,680,194,348.5179817498658,N
399,386,383,360,348,680,194,348.5179817498658,N
386,383,360,348,376,680,194,348.5179817498658,N
383,360,348,376,381,680,194,348.5179817498658,N
360,348,376,381,371,680,194,348.5179817498658,N
348,376,381,371,341,680,194,348.5179817498658,N
376,381,371,341,352,680,194,348.5179817498658,N
381,371,341,352,367,680,194,348.5179817498658,N
371,341,352,367,369,680,194,348.5179817498658,N
341,352,367,369,360,680,194,348.5179817498658,N
352,367,369,360,367,680,194,348.5179817498658,N
367,369,360,367,365,680,194,348.5179817498658,N
369,360,367,365,343,680,194,348.5179817498658,N
360,367,365,343,346,680,194,348.5179817498658,N
367,365,343,346,381,680,194,348.5179817498658,N
365,343,346,381,380,680,194,348.5179817498658,N
343,346,381,380,357,680,194,348.5179817498658,N
346,381,380,357,352,680,194,348.5179817498658,N
381,380,357,352,359,680,194,348.5179817498658,N
380,357,352,359,370,680,194,348.5179817498658,N
357,352,359,370,371,680,194,348.5179817498658,N
352,359,370,371,379,680,194,348.5179817498658,N
359,370,371,379,378,680,194,348.5179817498658,N
370,371,379,378,343,680,194,348.5179817498658,N
371,379,378,343,340,680,194,348.5179817498658,N
379,378,343,340,359,680,194,348.5179817498658,N
378,343,340,359,382,680,194,348.5179817498658,N
343,340,359,382,373,680,194,348.5179817498658,N
340,359,382,373,365,680,194,348.5179817498658,N
359,382,373,365,367,680,194,348.5179817498658,N
382,373,365,367,362,680,194,348.5179817498658,N
373,365,367,362,358,680,194,348.5179817498658,N
365,367,362,358,386,680,194,348.5179817498658,N
367,362,358,386,384,680,194,348.5179817498658,N
362,358,386,384,366,680,194,348.5179817498658,N
358,386,384,366,344,680,194,348.5179817498658,N
386,384,366,344,342,680,194,348.5179817498658,N
384,366,344,342,358,680,194,348.5179817498658,N
366,344,342,358,362,680,194,348.5179817498658,N
344,342,358,362,367,680,194,348.5179817498658,N
342,358,362,367,360,680,194,348.5179817498658,N
358,362,367,360,341,680,194,348.5179817498658,N
362,367,360,341,353,680,194,348.5179817498658,N
367,360,341,353,362,680,194,348.5179817498658,N
360,341,353,362,368,680,194,348.5179817498658,N
341,353,362,368,370,680,194,348.5179817498658,N
353,362,368,370,366,680,194,348.5179817498658,N
362,368,370,366,347,680,194,348.5179817498658,N
368,370,366,347,335,680,194,348.5179817498658,N
370,366,347,335,364,680,194,348.5179817498658,N
366,347,335,364,374,680,194,348.5179817498658,N
347,335,364,374,361,680,194,348.5179817498658,N
335,364,374,361,360,680,194,348.5179817498658,N
364,374,361,360,360,680,194,348.5179817498658,N
374,361,360,360,351,680,194,348.5179817498658,N
361,360,360,351,354,680,194,348.5179817498658,N
360,360,351,354,377,680,194,348.5179817498658,N
360,351,354,377,380,680,194,348.5179817498658,N
351,354,377,380,352,680,194,348.5179817498658,N
354,377,380,352,343,680,194,348.5179817498658,N
377,380,352,343,363,680,194,348.5179817498658,N
380,352,343,363,358,680,194,348.5179817498658,N
352,343,363,358,366,680,194,348.5179817498658,N
343,363,358,366,374,680,194,348.5179817498658,N
363,358,366,374,351,680,194,348.5179817498658,N
358,366,374,351,322,680,194,348.5179817498658,N
366,374,351,322,307,680,194,348.5179817498658,N
374,351,322,307,326,680,194,348.5179817498658,N
351,322,307,326,368,680,194,348.5179817498658,N
322,307,326,368,372,680,194,348.5179817498658,N
307,326,368,372,356,680,194,348.5179817498658,N
326,368,372,356,355,680,194,348.5179817498658,N
368,372,356,355,364,680,194,348.5179817498658,N
372,356,355,364,355,680,194,348.5179817498658,N
356,355,364,355,365,680,194,348.5179817498658,N
355,364,355,365,386,680,194,348.5179817498658,N
364,355,365,386,382,680,194,348.5179817498658,N
355,365,386,382,349,680,194,348.5179817498658,N
365,386,382,349,358,680,194,348.5179817498658,N
386,382,349,358,371,680,194,348.5179817498658,N
382,349,358,371,378,680,194,348.5179817498658,N
349,358,371,378,371,680,194,348.5179817498658,N
358,371,378,371,370,680,194,348.5179817498658,N
371,378,371,370,369,680,194,348.5179817498658,N
378,371,370,369,346,680,194,348.5179817498658,N
371,370,369,346,354,680,194,348.5179817498658,N
370,369,346,354,380,680,194,348.5179817498658,N
369,346,354,380,379,680,194,348.5179817498658,N
346,354,380,379,355,680,194,348.5179817498658,N
354,380,379,355,350,680,194,348.5179817498658,N
380,379,355,350,360,680,194,348.5179817498658,N
379,355,350,360,364,680,194,348.5179817498658,N
355,350,360,364,358,680,194,348.5179817498658,N
350,360,364,358,372,680,194,348.5179817498658,N
360,364,358,372,366,680,194,348.5179817498658,N
364,358,372,366,351,680,194,348.5179817498658,N
358,372,366,351,339,680,194,348.5179817498658,N
372,366,351,339,356,680,194,348.5179817498658,N
366,351,339,356,387,680,194,348.5179817498658,N
351,339,356,387,370,680,194,348.5179817498658,N
339,356,387,370,357,680,194,348.5179817498658,N
356,387,370,357,350,680,194,348.5179817498658,N
387,370,357,350,338,680,194,348.5179817498658,N
370,357,350,338,341,680,194,348.5179817498658,N
357,350,338,341,353,680,194,348.5179817498658,N
350,338,341,353,366,680,194,348.5179817498658,N
338,341,353,366,365,680,194,348.5179817498658,N
341,353,366,365,342,680,194,348.5179817498658,N
353,366,365,342,348,680,194,348.5179817498658,N
366,365,342,348,363,680,194,348.5179817498658,N
365,342,348,363,383,680,194,348.5179817498658,N
342,348,363,383,384,680,194,348.5179817498658,N
348,363,383,384,369,680,194,348.5179817498658,N
363,383,384,369,362,680,194,348.5179817498658,N
383,384,369,362,357,680,194,348.5179817498658,N
384,369,362,357,345,680,194,348.5179817498658,N
369,362,357,345,372,680,194,348.5179817498658,N
362,357,345,372,381,680,194,348.5179817498658,N
357,345,372,381,375,680,194,348.5179817498658,N
345,372,381,375,357,680,194,348.5179817498658,N
372,381,375,357,357,680,194,348.5179817498658,N
381,375,357,357,372,680,194,348.5179817498658,N
375,357,357,372,378,680,194,348.5179817498658,N
357,357,372,378,374,680,194,348.5179817498658,N
357,372,378,374,370,680,194,348.5179817498658,N
372,378,374,370,355,680,194,348.5179817498658,N
378,374,370,355,364,680,194,348.5179817498658,N
374,370,355,364,357,680,194,348.5179817498658,N
370,355,364,357,375,680,194,348.5179817498658,N
355,364,357,375,379,680,194,348.5179817498658,N
364,357,375,379,356,680,194,348.5179817498658,N
357,375,379,356,343,680,194,348.5179817498658,N
375,379,356,343,348,680,194,348.5179817498658,N
379,356,343,348,371,680,194,348.5179817498658,N
356,343,348,371,374,680,194,348.5179817498658,N
343,348,371,374,366,680,194,348.5179817498658,N
348,371,374,366,370,680,194,348.5179817498658,N
371,374,366,370,336,680,194,348.5179817498658,N
374,366,370,336,344,680,194,348.5179817498658,N
366,370,336,344,359,680,194,348.5179817498658,N
370,336,344,359,379,680,194,348.5179817498658,N
336,344,359,379,364,680,194,348.5179817498658,N
344,359,379,364,356,680,194,348.5179817498658,N
359,379,364,356,353,680,194,348.5179817498658,N
379,364,356,353,356,680,194,348.5179817498658,N
364,356,353,356,352,680,194,348.5179817498658,N
356,353,356,352,370,680,194,348.5179817498658,N
353,356,352,370,373,680,194,348.5179817498658,N
356,352,370,373,339,680,194,348.5179817498658,N
352,370,373,339,331,680,194,348.5179817498658,N
370,373,339,331,332,680,194,348.5179817498658,N
373,339,331,332,328,680,194,348.5179817498658,N
339,331,332,328,344,680,194,348.5179817498658,N
331,332,328,344,338,680,194,348.5179817498658,N
332,328,344,338,334,680,194,348.5179817498658,N
328,344,338,334,338,680,194,348.5179817498658,N
344,338,334,338,336,680,194,348.5179817498658,N
338,334,338,336,354,680,194,348.5179817498658,N
334,338,336,354,358,680,194,348.5179817498658,N
338,336,354,358,374,680,194,348.5179817498658,N
336,354,358,374,377,680,194,348.5179817498658,N
354,358,374,377,353,680,194,348.5179817498658,N
358,374,377,353,350,680,194,348.5179817498658,N
374,377,353,350,362,680,194,348.5179817498658,N
377,353,350,362,387,680,194,348.5179817498658,N
353,350,362,387,371,680,194,348.5179817498658,N
350,362,387,371,369,680,194,348.5179817498658,N
362,387,371,369,366,680,194,348.5179817498658,N
387,371,369,366,339,680,194,348.5179817498658,N
371,369,366,339,347,680,194,348.5179817498658,N
369,366,339,347,367,680,194,348.5179817498658,N
366,339,347,367,364,680,194,348.5179817498658,N
339,347,367,364,359,680,194,348.5179817498658,N
347,367,364,359,345,680,194,348.5179817498658,N
367,364,359,345,349,680,194,348.5179817498658,N
364,359,345,349,353,680,194,348.5179817498658,N
359,345,349,353,367,680,194,348.5179817498658,N
345,349,353,367,364,680,194,348.5179817498658,N
349,353,367,364,357,680,194,348.5179817498658,N
353,367,364,357,353,680,194,348.5179817498658,N
367,364,357,353,336,680,194,348.5179817498658,N
364,357,353,336,334,680,194,348.5179817498658,N
357,353,336,334,358,680,194,348.5179817498658,N
353,336,334,358,364,680,194,348.5179817498658,N
336,334,358,364,344,680,194,348.5179817498658,N
334,358,364,344,335,680,194,348.5179817498658,N
358,364,344,335,342,680,194,348.5179817498658,N
364,344,335,342,332,680,194,348.5179817498658,N
344,335,342,332,355,680,194,348.5179817498658,N
335,342,332,355,364,680,194,348.5179817498658,N
342,332,355,364,374,680,194,348.5179817498658,N
332,355,364,374,343,680,194,348.5179817498658,N
355,364,374,343,335,680,194,348.5179817498658,N
364,374,343,335,333,680,194,348.5179817498658,N
374,343,335,333,330,680,194,348.5179817498658,N
343,335,333,330,342,680,194,348.5179817498658,N
335,333,330,342,354,680,194,348.5179817498658,N
333,330,342,354,347,680,194,348.5179817498658,N
330,342,354,347,339,680,194,348.5179817498658,N
342,354,347,339,353,680,194,348.5179817498658,N
354,347,339,353,363,680,194,348.5179817498658,N
347,339,353,363,386,680,194,348.5179817498658,N
339,353,363,386,381,680,194,348.5179817498658,N
353,363,386,381,382,680,194,348.5179817498658,N
363,386,381,382,354,680,194,348.5179817498658,N
386,381,382,354,350,680,194,348.5179817498658,N
381,382,354,350,373,680,194,348.5179817498658,N
382,354,350,373,369,680,194,348.5179817498658,N
354,350,373,369,359,680,194,348.5179817498658,N
350,373,369,359,355,680,194,348.5179817498658,N
373,369,359,355,352,680,194,348.5179817498658,N
369,359,355,352,353,680,194,348.5179817498658,N
359,355,352,353,362,680,194,348.5179817498658,N
355,352,353,362,363,680,194,348.5179817498658,N
352,353,362,363,377,680,194,348.5179817498658,N
353,362,363,377,360,680,194,348.5179817498658,N
362,363,377,360,345,680,194,348.5179817498658,N
363,377,360,345,354,680,194,348.5179817498658,N
377,360,345,354,367,680,194,348.5179817498658,N
360,345,354,367,379,680,194,348.5179817498658,N
345,354,367,379,358,680,194,348.5179817498658,N
354,367,379,358,371,680,194,348.5179817498658,N
367,379,358,371,356,680,194,348.5179817498658,N
379,358,371,356,349,680,194,348.5179817498658,N
358,371,356,349,356,680,194,348.5179817498658,N
371,356,349,356,375,680,194,348.5179817498658,N
356,349,356,375,384,680,194,348.5179817498658,N
349,356,375,384,355,680,194,348.5179817498658,N
356,375,384,355,344,680,194,348.5179817498658,N
375,384,355,344,365,680,194,348.5179817498658,N
384,355,344,365,363,680,194,348.5179817498658,N
355,344,365,363,369,680,194,348.5179817498658,N
344,365,363,369,371,680,194,348.5179817498658,N
365,363,369,371,372,680,194,348.5179817498658,N
363,369,371,372,337,680,194,348.5179817498658,N
369,371,372,337,338,680,194,348.5179817498658,N
371,372,337,338,364,680,194,348.5179817498658,N
372,337,338,364,367,680,194,348.5179817498658,N
337,338,364,367,343,680,194,348.5179817498658,N
338,364,367,343,343,680,194,348.5179817498658,N
364,367,343,343,338,680,194,348.5179817498658,N
367,343,343,338,338,680,194,348.5179817498658,N
343,343,338,338,338,680,194,348.5179817498658,N
343,338,338,338,362,680,194,348.5179817498658,N
338,338,338,362,381,680,194,348.5179817498658,N
338,338,362,381,360,680,194,348.5179817498658,N
338,362,381,360,343,680,194,348.5179817498658,N
362,381,360,343,348,680,194,348.5179817498658,N
381,360,343,348,351,680,194,348.5179817498658,N
360,343,348,351,352,680,194,348.5179817498658,N
343,348,351,352,356,680,194,348.5179817498658,N
348,351,352,356,352,680,194,348.5179817498658,N
351,352,356,352,351,680,194,348.5179817498658,N
352,356,352,351,346,680,194,348.5179817498658,N
356,352,351,346,354,680,194,348.5179817498658,N
352,351,346,354,378,680,194,348.5179817498658,N
351,346,354,378,382,680,194,348.5179817498658,N
346,354,378,382,381,680,194,348.5179817498658,N
354,378,382,381,357,680,194,348.5179817498658,N
378,382,381,357,358,680,194,348.5179817498658,N
382,381,357,358,355,680,194,348.5179817498658,N
381,357,358,355,369,680,194,348.5179817498658,N
357,358,355,369,380,680,194,348.5179817498658,N
358,355,369,380,368,680,194,348.5179817498658,N
355,369,380,368,360,680,194,348.5179817498658,N
369,380,368,360,354,680,194,348.5179817498658,N
380,368,360,354,363,680,194,348.5179817498658,N
368,360,354,363,389,680,194,348.5179817498658,N
360,354,363,389,370,680,194,348.5179817498658,N
354,363,389,370,361,680,194,348.5179817498658,N
363,389,370,361,356,680,194,348.5179817498658,N
389,370,361,356,363,680,194,348.5179817498658,N
370,361,356,363,371,680,194,348.5179817498658,N
361,356,363,371,383,680,194,348.5179817498658,N
356,363,371,383,374,680,194,348.5179817498658,N
363,371,383,374,360,680,194,348.5179817498658,N
371,383,374,360,339,680,194,348.5179817498658,N
383,374,360,339,341,680,194,348.5179817498658,N
374,360,339,341,343,680,194,348.5179817498658,N
360,339,341,343,350,680,194,348.5179817498658,N
339,341,343,350,329,680,194,348.5179817498658,N
341,343,350,329,336,680,194,348.5179817498658,N
343,350,329,336,340,680,194,348.5179817498658,N
350,329,336,340,352,680,194,348.5179817498658,N
329,336,340,352,341,680,194,348.5179817498658,N
336,340,352,341,362,680,194,348.5179817498658,N
340,352,341,362,375,680,194,348.5179817498658,N
352,341,362,375,372,680,194,348.5179817498658,N
341,362,375,372,341,680,194,348.5179817498658,N
362,375,372,341,335,680,194,348.5179817498658,N
375,372,341,335,365,680,194,348.5179817498658,N
372,341,335,365,375,680,194,348.5179817498658,N
341,335,365,375,365,680,194,348.5179817498658,N
335,365,375,365,365,680,194,348.5179817498658,N
365,375,365,365,358,680,194,348.5179817498658,N
375,365,365,358,367,680,194,348.5179817498658,N
365,365,358,367,362,680,194,348.5179817498658,N
365,358,367,362,384,680,194,348.5179817498658,N
358,367,362,384,382,680,194,348.5179817498658,N
367,362,384,382,354,680,194,348.5179817498658,N
362,384,382,354,350,680,194,348.5179817498658,N
384,382,354,350,352,680,194,348.5179817498658,N
382,354,350,352,370,680,194,348.5179817498658,N
354,350,352,370,374,680,194,348.5179817498658,N
350,352,370,374,374,680,194,348.5179817498658,N
352,370,374,374,365,680,194,348.5179817498658,N
370,374,374,365,357,680,194,348.5179817498658,N
374,374,365,357,356,680,194,348.5179817498658,N
374,365,357,356,357,680,194,348.5179817498658,N
365,357,356,357,368,680,194,348.5179817498658,N
